3,Bsquare,256_512_32,matmul_i32,MLIR,16,v4,Bs_32_32_32,1,jude_rel,1440144,,branch-instructions,0.19%,27164971,57.58,30.572,M/sec,perf-results-driver-matmul-m256_n512_k32-ACC_v4_Bs_32_32_32_3_Bsquare-ACC-app.csv
3,Bsquare,256_512_32,matmul_i32,MLIR,16,v4,Bs_32_32_32,1,jude_rel,260965,,branch-misses,0.30%,27188614,57.63,18.07,of all branches,perf-results-driver-matmul-m256_n512_k32-ACC_v4_Bs_32_32_32_3_Bsquare-ACC-app.csv
3,Bsquare,256_512_32,matmul_i32,MLIR,16,v4,Bs_32_32_32,1,jude_rel,8670801,,cache-references,0.12%,23974337,50.81,184.067,M/sec,perf-results-driver-matmul-m256_n512_k32-ACC_v4_Bs_32_32_32_3_Bsquare-ACC-app.csv
3,Bsquare,256_512_32,matmul_i32,MLIR,16,v4,Bs_32_32_32,1,jude_rel,105297,,cache-misses,0.76%,33949333,71.95,1.216,of all cache refs,perf-results-driver-matmul-m256_n512_k32-ACC_v4_Bs_32_32_32_3_Bsquare-ACC-app.csv
3,Bsquare,256_512_32,matmul_i32,MLIR,16,v4,Bs_32_32_32,1,jude_rel,30502427,,cpu-cycles,0.04%,43949554,93.15,0.648,GHz,perf-results-driver-matmul-m256_n512_k32-ACC_v4_Bs_32_32_32_3_Bsquare-ACC-app.csv
3,Bsquare,256_512_32,matmul_i32,MLIR,16,v4,Bs_32_32_32,1,jude_rel,1,,context-switches,20.00%,47168711,100.00,21.228,/sec,perf-results-driver-matmul-m256_n512_k32-ACC_v4_Bs_32_32_32_3_Bsquare-ACC-app.csv
3,Bsquare,256_512_32,matmul_i32,MLIR,16,v4,Bs_32_32_32,1,jude_rel,401,,page-faults,0.09%,47168711,100.00,8.513,K/sec,perf-results-driver-matmul-m256_n512_k32-ACC_v4_Bs_32_32_32_3_Bsquare-ACC-app.csv
3,Bsquare,256_512_32,matmul_i32,MLIR,16,v4,Bs_32_32_32,1,jude_rel,47.17,msec,task-clock,0.04%,47168711,100.00,0.977,CPUs utilized,perf-results-driver-matmul-m256_n512_k32-ACC_v4_Bs_32_32_32_3_Bsquare-ACC-app.csv
3,Bsquare,256_512_32,matmul_i32,MLIR,16,v4,Bs_32_32_32,1,jude_rel,103154,,L1-dcache-load-misses,0.65%,47181773,100.00,1.23,of all L1-dcache accesses,perf-results-driver-matmul-m256_n512_k32-ACC_v4_Bs_32_32_32_3_Bsquare-ACC-app.csv
3,Bsquare,256_512_32,matmul_i32,MLIR,16,v4,Bs_32_32_32,1,jude_rel,8362877,,L1-dcache-loads,0.03%,47181773,100.00,177.530,M/sec,perf-results-driver-matmul-m256_n512_k32-ACC_v4_Bs_32_32_32_3_Bsquare-ACC-app.csv
3,Bsquare,256_512_32,matmul_i32,MLIR,16,v4,Bs_32_32_32,1,jude_rel,8701757,,L1-dcache-stores,0.24%,43224238,91.61,184.724,M/sec,perf-results-driver-matmul-m256_n512_k32-ACC_v4_Bs_32_32_32_3_Bsquare-ACC-app.csv
3,Bsquare,256_512_32,matmul_i32,MLIR,16,v4,Bs_32_32_32,1,jude_rel,37872,,L1-icache-load-misses,5.54%,33225599,70.42,,,perf-results-driver-matmul-m256_n512_k32-ACC_v4_Bs_32_32_32_3_Bsquare-ACC-app.csv
3,Bsquare,256_512_32,matmul_i32,MLIR,16,v4,Bs_32_32_32,1,jude_rel,48349182,ns,duration_time,0.06%,48349182,100.00,1.026,G/sec,perf-results-driver-matmul-m256_n512_k32-ACC_v4_Bs_32_32_32_3_Bsquare-ACC-app.csv
0,Asquare,32_256_512,matmul_i32,MLIR,16,v4,As_32_32_32,1,jude_rel,1460263,,branch-instructions,0.34%,26760327,57.22,31.072,M/sec,perf-results-driver-matmul-m32_n256_k512-ACC_v4_As_32_32_32_0_Asquare-ACC-app.csv
0,Asquare,32_256_512,matmul_i32,MLIR,16,v4,As_32_32_32,1,jude_rel,253408,,branch-misses,0.24%,26802168,57.31,17.32,of all branches,perf-results-driver-matmul-m32_n256_k512-ACC_v4_As_32_32_32_0_Asquare-ACC-app.csv
0,Asquare,32_256_512,matmul_i32,MLIR,16,v4,As_32_32_32,1,jude_rel,8731095,,cache-references,0.08%,27770229,59.38,185.782,M/sec,perf-results-driver-matmul-m32_n256_k512-ACC_v4_As_32_32_32_0_Asquare-ACC-app.csv
0,Asquare,32_256_512,matmul_i32,MLIR,16,v4,As_32_32_32,1,jude_rel,96487,,cache-misses,3.09%,37745280,80.71,1.106,of all cache refs,perf-results-driver-matmul-m32_n256_k512-ACC_v4_As_32_32_32_0_Asquare-ACC-app.csv
0,Asquare,32_256_512,matmul_i32,MLIR,16,v4,As_32_32_32,1,jude_rel,30244625,,cpu-cycles,0.29%,46766412,100.00,0.644,GHz,perf-results-driver-matmul-m32_n256_k512-ACC_v4_As_32_32_32_0_Asquare-ACC-app.csv
0,Asquare,32_256_512,matmul_i32,MLIR,16,v4,As_32_32_32,1,jude_rel,0,,context-switches,0.00%,46761040,100.00,0.000,/sec,perf-results-driver-matmul-m32_n256_k512-ACC_v4_As_32_32_32_0_Asquare-ACC-app.csv
0,Asquare,32_256_512,matmul_i32,MLIR,16,v4,As_32_32_32,1,jude_rel,279,,page-faults,0.07%,46761040,100.00,5.937,K/sec,perf-results-driver-matmul-m32_n256_k512-ACC_v4_As_32_32_32_0_Asquare-ACC-app.csv
0,Asquare,32_256_512,matmul_i32,MLIR,16,v4,As_32_32_32,1,jude_rel,46.76,msec,task-clock,0.29%,46761040,100.00,0.972,CPUs utilized,perf-results-driver-matmul-m32_n256_k512-ACC_v4_As_32_32_32_0_Asquare-ACC-app.csv
0,Asquare,32_256_512,matmul_i32,MLIR,16,v4,As_32_32_32,1,jude_rel,96571,,L1-dcache-load-misses,2.52%,46766412,100.00,1.16,of all L1-dcache accesses,perf-results-driver-matmul-m32_n256_k512-ACC_v4_As_32_32_32_0_Asquare-ACC-app.csv
0,Asquare,32_256_512,matmul_i32,MLIR,16,v4,As_32_32_32,1,jude_rel,8333702,,L1-dcache-loads,0.05%,46766412,100.00,177.326,M/sec,perf-results-driver-matmul-m32_n256_k512-ACC_v4_As_32_32_32_0_Asquare-ACC-app.csv
0,Asquare,32_256_512,matmul_i32,MLIR,16,v4,As_32_32_32,1,jude_rel,8943656,,L1-dcache-stores,0.15%,39002268,83.40,190.305,M/sec,perf-results-driver-matmul-m32_n256_k512-ACC_v4_As_32_32_32_0_Asquare-ACC-app.csv
0,Asquare,32_256_512,matmul_i32,MLIR,16,v4,As_32_32_32,1,jude_rel,46538,,L1-icache-load-misses,3.07%,28985376,61.98,,,perf-results-driver-matmul-m32_n256_k512-ACC_v4_As_32_32_32_0_Asquare-ACC-app.csv
0,Asquare,32_256_512,matmul_i32,MLIR,16,v4,As_32_32_32,1,jude_rel,47753054,ns,duration_time,0.45%,47753054,100.00,1.016,G/sec,perf-results-driver-matmul-m32_n256_k512-ACC_v4_As_32_32_32_0_Asquare-ACC-app.csv
3,Asquare,256_512_32,matmul_i32,MLIR,16,v4,As_32_32_32,1,jude_rel,1446172,,branch-instructions,0.25%,26792830,57.25,30.768,M/sec,perf-results-driver-matmul-m256_n512_k32-ACC_v4_As_32_32_32_3_Asquare-ACC-app.csv
3,Asquare,256_512_32,matmul_i32,MLIR,16,v4,As_32_32_32,1,jude_rel,250306,,branch-misses,0.27%,26830910,57.33,17.17,of all branches,perf-results-driver-matmul-m256_n512_k32-ACC_v4_As_32_32_32_3_Asquare-ACC-app.csv
3,Asquare,256_512_32,matmul_i32,MLIR,16,v4,As_32_32_32,1,jude_rel,8537073,,cache-references,0.05%,26895140,57.46,181.632,M/sec,perf-results-driver-matmul-m256_n512_k32-ACC_v4_As_32_32_32_3_Asquare-ACC-app.csv
3,Asquare,256_512_32,matmul_i32,MLIR,16,v4,As_32_32_32,1,jude_rel,107284,,cache-misses,2.69%,36871060,78.78,1.257,of all cache refs,perf-results-driver-matmul-m256_n512_k32-ACC_v4_As_32_32_32_3_Asquare-ACC-app.csv
3,Asquare,256_512_32,matmul_i32,MLIR,16,v4,As_32_32_32,1,jude_rel,30269611,,cpu-cycles,0.12%,46803718,100.00,0.644,GHz,perf-results-driver-matmul-m256_n512_k32-ACC_v4_As_32_32_32_3_Asquare-ACC-app.csv
3,Asquare,256_512_32,matmul_i32,MLIR,16,v4,As_32_32_32,1,jude_rel,0,,context-switches,0.00%,46860191,100.00,0.000,/sec,perf-results-driver-matmul-m256_n512_k32-ACC_v4_As_32_32_32_3_Asquare-ACC-app.csv
3,Asquare,256_512_32,matmul_i32,MLIR,16,v4,As_32_32_32,1,jude_rel,400,,page-faults,0.06%,46860191,100.00,8.510,K/sec,perf-results-driver-matmul-m256_n512_k32-ACC_v4_As_32_32_32_3_Asquare-ACC-app.csv
3,Asquare,256_512_32,matmul_i32,MLIR,16,v4,As_32_32_32,1,jude_rel,46.86,msec,task-clock,0.12%,46860191,100.00,0.943,CPUs utilized,perf-results-driver-matmul-m256_n512_k32-ACC_v4_As_32_32_32_3_Asquare-ACC-app.csv
3,Asquare,256_512_32,matmul_i32,MLIR,16,v4,As_32_32_32,1,jude_rel,106248,,L1-dcache-load-misses,2.15%,46803718,100.00,1.29,of all L1-dcache accesses,perf-results-driver-matmul-m256_n512_k32-ACC_v4_As_32_32_32_3_Asquare-ACC-app.csv
3,Asquare,256_512_32,matmul_i32,MLIR,16,v4,As_32_32_32,1,jude_rel,8198586,,L1-dcache-loads,0.04%,46803718,100.00,174.430,M/sec,perf-results-driver-matmul-m256_n512_k32-ACC_v4_As_32_32_32_3_Asquare-ACC-app.csv
3,Asquare,256_512_32,matmul_i32,MLIR,16,v4,As_32_32_32,1,jude_rel,8775503,,L1-dcache-stores,0.09%,39919466,85.29,186.705,M/sec,perf-results-driver-matmul-m256_n512_k32-ACC_v4_As_32_32_32_3_Asquare-ACC-app.csv
3,Asquare,256_512_32,matmul_i32,MLIR,16,v4,As_32_32_32,1,jude_rel,51551,,L1-icache-load-misses,1.11%,29905466,63.90,,,perf-results-driver-matmul-m256_n512_k32-ACC_v4_As_32_32_32_3_Asquare-ACC-app.csv
3,Asquare,256_512_32,matmul_i32,MLIR,16,v4,As_32_32_32,1,jude_rel,47933039,ns,duration_time,3.20%,47933039,100.00,1.020,G/sec,perf-results-driver-matmul-m256_n512_k32-ACC_v4_As_32_32_32_3_Asquare-ACC-app.csv
4,Csquare,512_32_256,matmul_i32,MLIR,16,v4,Cs_32_32_32,1,jude_rel,1044075,,branch-instructions,3.08%,15459167,43.58,29.350,M/sec,perf-results-driver-matmul-m512_n32_k256-ACC_v4_Cs_32_32_32_4_Csquare-ACC-app.csv
4,Csquare,512_32_256,matmul_i32,MLIR,16,v4,Cs_32_32_32,1,jude_rel,284586,,branch-misses,4.00%,15473225,43.62,26.22,of all branches,perf-results-driver-matmul-m512_n32_k256-ACC_v4_Cs_32_32_32_4_Csquare-ACC-app.csv
4,Csquare,512_32_256,matmul_i32,MLIR,16,v4,Cs_32_32_32,1,jude_rel,6458124,,cache-references,2.08%,23095617,65.11,181.541,M/sec,perf-results-driver-matmul-m512_n32_k256-ACC_v4_Cs_32_32_32_4_Csquare-ACC-app.csv
4,Csquare,512_32_256,matmul_i32,MLIR,16,v4,Cs_32_32_32,1,jude_rel,91729,,cache-misses,2.94%,33074303,93.24,1.455,of all cache refs,perf-results-driver-matmul-m512_n32_k256-ACC_v4_Cs_32_32_32_4_Csquare-ACC-app.csv
4,Csquare,512_32_256,matmul_i32,MLIR,16,v4,Cs_32_32_32,1,jude_rel,22893393,,cpu-cycles,0.25%,35470356,100.00,0.644,GHz,perf-results-driver-matmul-m512_n32_k256-ACC_v4_Cs_32_32_32_4_Csquare-ACC-app.csv
4,Csquare,512_32_256,matmul_i32,MLIR,16,v4,Cs_32_32_32,1,jude_rel,1,,context-switches,54.77%,35458207,100.00,28.111,/sec,perf-results-driver-matmul-m512_n32_k256-ACC_v4_Cs_32_32_32_4_Csquare-ACC-app.csv
4,Csquare,512_32_256,matmul_i32,MLIR,16,v4,Cs_32_32_32,1,jude_rel,285,,page-faults,0.13%,35458207,100.00,8.012,K/sec,perf-results-driver-matmul-m512_n32_k256-ACC_v4_Cs_32_32_32_4_Csquare-ACC-app.csv
4,Csquare,512_32_256,matmul_i32,MLIR,16,v4,Cs_32_32_32,1,jude_rel,35.46,msec,task-clock,0.28%,35458207,100.00,0.963,CPUs utilized,perf-results-driver-matmul-m512_n32_k256-ACC_v4_Cs_32_32_32_4_Csquare-ACC-app.csv
4,Csquare,512_32_256,matmul_i32,MLIR,16,v4,Cs_32_32_32,1,jude_rel,93890,,L1-dcache-load-misses,2.60%,35470356,100.00,1.66,of all L1-dcache accesses,perf-results-driver-matmul-m512_n32_k256-ACC_v4_Cs_32_32_32_4_Csquare-ACC-app.csv
4,Csquare,512_32_256,matmul_i32,MLIR,16,v4,Cs_32_32_32,1,jude_rel,5660821,,L1-dcache-loads,0.10%,35470356,100.00,159.129,M/sec,perf-results-driver-matmul-m512_n32_k256-ACC_v4_Cs_32_32_32_4_Csquare-ACC-app.csv
4,Csquare,512_32_256,matmul_i32,MLIR,16,v4,Cs_32_32_32,1,jude_rel,5859406,,L1-dcache-stores,1.24%,32385928,91.30,164.711,M/sec,perf-results-driver-matmul-m512_n32_k256-ACC_v4_Cs_32_32_32_4_Csquare-ACC-app.csv
4,Csquare,512_32_256,matmul_i32,MLIR,16,v4,Cs_32_32_32,1,jude_rel,56072,,L1-icache-load-misses,23.64%,22393184,63.13,,,perf-results-driver-matmul-m512_n32_k256-ACC_v4_Cs_32_32_32_4_Csquare-ACC-app.csv
4,Csquare,512_32_256,matmul_i32,MLIR,16,v4,Cs_32_32_32,1,jude_rel,36658486,ns,duration_time,0.36%,36658486,100.00,1.030,G/sec,perf-results-driver-matmul-m512_n32_k256-ACC_v4_Cs_32_32_32_4_Csquare-ACC-app.csv
3,Csquare,256_512_32,matmul_i32,MLIR,16,v4,Cs_32_32_32,1,jude_rel,1577450,,branch-instructions,0.65%,30150186,60.10,31.517,M/sec,perf-results-driver-matmul-m256_n512_k32-ACC_v4_Cs_32_32_32_3_Csquare-ACC-app.csv
3,Csquare,256_512_32,matmul_i32,MLIR,16,v4,Cs_32_32_32,1,jude_rel,251618,,branch-misses,1.91%,30194968,60.19,16.19,of all branches,perf-results-driver-matmul-m256_n512_k32-ACC_v4_Cs_32_32_32_3_Csquare-ACC-app.csv
3,Csquare,256_512_32,matmul_i32,MLIR,16,v4,Cs_32_32_32,1,jude_rel,9074601,,cache-references,0.36%,28447574,56.71,181.309,M/sec,perf-results-driver-matmul-m256_n512_k32-ACC_v4_Cs_32_32_32_3_Csquare-ACC-app.csv
3,Csquare,256_512_32,matmul_i32,MLIR,16,v4,Cs_32_32_32,1,jude_rel,121175,,cache-misses,1.43%,38422105,76.59,1.324,of all cache refs,perf-results-driver-matmul-m256_n512_k32-ACC_v4_Cs_32_32_32_3_Csquare-ACC-app.csv
3,Csquare,256_512_32,matmul_i32,MLIR,16,v4,Cs_32_32_32,1,jude_rel,32430101,,cpu-cycles,0.08%,48422443,96.53,0.648,GHz,perf-results-driver-matmul-m256_n512_k32-ACC_v4_Cs_32_32_32_3_Csquare-ACC-app.csv
3,Csquare,256_512_32,matmul_i32,MLIR,16,v4,Cs_32_32_32,1,jude_rel,1,,context-switches,24.49%,50143249,100.00,19.980,/sec,perf-results-driver-matmul-m256_n512_k32-ACC_v4_Cs_32_32_32_3_Csquare-ACC-app.csv
3,Csquare,256_512_32,matmul_i32,MLIR,16,v4,Cs_32_32_32,1,jude_rel,402,,page-faults,0.06%,50143249,100.00,8.032,K/sec,perf-results-driver-matmul-m256_n512_k32-ACC_v4_Cs_32_32_32_3_Csquare-ACC-app.csv
3,Csquare,256_512_32,matmul_i32,MLIR,16,v4,Cs_32_32_32,1,jude_rel,50.14,msec,task-clock,0.07%,50143249,100.00,0.979,CPUs utilized,perf-results-driver-matmul-m256_n512_k32-ACC_v4_Cs_32_32_32_3_Csquare-ACC-app.csv
3,Csquare,256_512_32,matmul_i32,MLIR,16,v4,Cs_32_32_32,1,jude_rel,119376,,L1-dcache-load-misses,1.38%,50164502,100.00,1.38,of all L1-dcache accesses,perf-results-driver-matmul-m256_n512_k32-ACC_v4_Cs_32_32_32_3_Csquare-ACC-app.csv
3,Csquare,256_512_32,matmul_i32,MLIR,16,v4,Cs_32_32_32,1,jude_rel,8649164,,L1-dcache-loads,0.03%,50164502,100.00,172.808,M/sec,perf-results-driver-matmul-m256_n512_k32-ACC_v4_Cs_32_32_32_3_Csquare-ACC-app.csv
3,Csquare,256_512_32,matmul_i32,MLIR,16,v4,Cs_32_32_32,1,jude_rel,9210794,,L1-dcache-stores,1.04%,41731244,83.19,184.030,M/sec,perf-results-driver-matmul-m256_n512_k32-ACC_v4_Cs_32_32_32_3_Csquare-ACC-app.csv
3,Csquare,256_512_32,matmul_i32,MLIR,16,v4,Cs_32_32_32,1,jude_rel,50749,,L1-icache-load-misses,27.25%,31711931,63.22,,,perf-results-driver-matmul-m256_n512_k32-ACC_v4_Cs_32_32_32_3_Csquare-ACC-app.csv
3,Csquare,256_512_32,matmul_i32,MLIR,16,v4,Cs_32_32_32,1,jude_rel,51354318,ns,duration_time,0.11%,51354318,100.00,1.026,G/sec,perf-results-driver-matmul-m256_n512_k32-ACC_v4_Cs_32_32_32_3_Csquare-ACC-app.csv
0,Optimal,32_256_512,matmul_i32,MLIR,16,v4,Cs_32_128_32,1,jude_rel,961153,,branch-instructions,4.31%,13131338,40.01,29.507,M/sec,perf-results-driver-matmul-m32_n256_k512-ACC_v4_Cs_32_128_32_0_Optimal-ACC-app.csv
0,Optimal,32_256_512,matmul_i32,MLIR,16,v4,Cs_32_128_32,1,jude_rel,242188,,branch-misses,5.11%,16209648,49.38,25.73,of all branches,perf-results-driver-matmul-m32_n256_k512-ACC_v4_Cs_32_128_32_0_Optimal-ACC-app.csv
0,Optimal,32_256_512,matmul_i32,MLIR,16,v4,Cs_32_128_32,1,jude_rel,5824749,,cache-references,2.32%,26204202,79.83,178.820,M/sec,perf-results-driver-matmul-m32_n256_k512-ACC_v4_Cs_32_128_32_0_Optimal-ACC-app.csv
0,Optimal,32_256_512,matmul_i32,MLIR,16,v4,Cs_32_128_32,1,jude_rel,85208,,cache-misses,0.78%,32824042,100.00,1.445,of all cache refs,perf-results-driver-matmul-m32_n256_k512-ACC_v4_Cs_32_128_32_0_Optimal-ACC-app.csv
0,Optimal,32_256_512,matmul_i32,MLIR,16,v4,Cs_32_128_32,1,jude_rel,21179198,,cpu-cycles,0.20%,32824042,100.00,0.650,GHz,perf-results-driver-matmul-m32_n256_k512-ACC_v4_Cs_32_128_32_0_Optimal-ACC-app.csv
0,Optimal,32_256_512,matmul_i32,MLIR,16,v4,Cs_32_128_32,1,jude_rel,2,,context-switches,24.49%,32800513,100.00,61.400,/sec,perf-results-driver-matmul-m32_n256_k512-ACC_v4_Cs_32_128_32_0_Optimal-ACC-app.csv
0,Optimal,32_256_512,matmul_i32,MLIR,16,v4,Cs_32_128_32,1,jude_rel,282,,page-faults,0.09%,32800513,100.00,8.657,K/sec,perf-results-driver-matmul-m32_n256_k512-ACC_v4_Cs_32_128_32_0_Optimal-ACC-app.csv
0,Optimal,32_256_512,matmul_i32,MLIR,16,v4,Cs_32_128_32,1,jude_rel,32.80,msec,task-clock,0.20%,32800513,100.00,0.974,CPUs utilized,perf-results-driver-matmul-m32_n256_k512-ACC_v4_Cs_32_128_32_0_Optimal-ACC-app.csv
0,Optimal,32_256_512,matmul_i32,MLIR,16,v4,Cs_32_128_32,1,jude_rel,85208,,L1-dcache-load-misses,0.55%,32824042,100.00,1.59,of all L1-dcache accesses,perf-results-driver-matmul-m32_n256_k512-ACC_v4_Cs_32_128_32_0_Optimal-ACC-app.csv
0,Optimal,32_256_512,matmul_i32,MLIR,16,v4,Cs_32_128_32,1,jude_rel,5367709,,L1-dcache-loads,0.10%,32824042,100.00,164.789,M/sec,perf-results-driver-matmul-m32_n256_k512-ACC_v4_Cs_32_128_32_0_Optimal-ACC-app.csv
0,Optimal,32_256_512,matmul_i32,MLIR,16,v4,Cs_32_128_32,1,jude_rel,5859424,,L1-dcache-stores,1.42%,26312544,80.16,179.884,M/sec,perf-results-driver-matmul-m32_n256_k512-ACC_v4_Cs_32_128_32_0_Optimal-ACC-app.csv
0,Optimal,32_256_512,matmul_i32,MLIR,16,v4,Cs_32_128_32,1,jude_rel,60936,,L1-icache-load-misses,11.96%,16614394,50.62,,,perf-results-driver-matmul-m32_n256_k512-ACC_v4_Cs_32_128_32_0_Optimal-ACC-app.csv
0,Optimal,32_256_512,matmul_i32,MLIR,16,v4,Cs_32_128_32,1,jude_rel,34279739,ns,duration_time,0.47%,34279739,100.00,1.052,G/sec,perf-results-driver-matmul-m32_n256_k512-ACC_v4_Cs_32_128_32_0_Optimal-ACC-app.csv
2,Asquare,256_32_512,matmul_i32,MLIR,16,v4,As_32_32_32,1,jude_rel,1536474,,branch-instructions,0.36%,30120854,60.05,30.641,M/sec,perf-results-driver-matmul-m256_n32_k512-ACC_v4_As_32_32_32_2_Asquare-ACC-app.csv
2,Asquare,256_32_512,matmul_i32,MLIR,16,v4,As_32_32_32,1,jude_rel,226223,,branch-misses,3.98%,30160857,60.13,14.68,of all branches,perf-results-driver-matmul-m256_n32_k512-ACC_v4_As_32_32_32_2_Asquare-ACC-app.csv
2,Asquare,256_32_512,matmul_i32,MLIR,16,v4,As_32_32_32,1,jude_rel,9131123,,cache-references,0.31%,20984430,41.84,182.097,M/sec,perf-results-driver-matmul-m256_n32_k512-ACC_v4_As_32_32_32_2_Asquare-ACC-app.csv
2,Asquare,256_32_512,matmul_i32,MLIR,16,v4,As_32_32_32,1,jude_rel,106507,,cache-misses,2.68%,30943300,61.69,1.166,of all cache refs,perf-results-driver-matmul-m256_n32_k512-ACC_v4_As_32_32_32_2_Asquare-ACC-app.csv
2,Asquare,256_32_512,matmul_i32,MLIR,16,v4,As_32_32_32,1,jude_rel,32426017,,cpu-cycles,0.13%,40933352,81.61,0.647,GHz,perf-results-driver-matmul-m256_n32_k512-ACC_v4_As_32_32_32_2_Asquare-ACC-app.csv
2,Asquare,256_32_512,matmul_i32,MLIR,16,v4,As_32_32_32,1,jude_rel,1,,context-switches,31.62%,50144652,100.00,19.942,/sec,perf-results-driver-matmul-m256_n32_k512-ACC_v4_As_32_32_32_2_Asquare-ACC-app.csv
2,Asquare,256_32_512,matmul_i32,MLIR,16,v4,As_32_32_32,1,jude_rel,282,,page-faults,0.09%,50144652,100.00,5.624,K/sec,perf-results-driver-matmul-m256_n32_k512-ACC_v4_As_32_32_32_2_Asquare-ACC-app.csv
2,Asquare,256_32_512,matmul_i32,MLIR,16,v4,As_32_32_32,1,jude_rel,50.14,msec,task-clock,0.14%,50144652,100.00,0.978,CPUs utilized,perf-results-driver-matmul-m256_n32_k512-ACC_v4_As_32_32_32_2_Asquare-ACC-app.csv
2,Asquare,256_32_512,matmul_i32,MLIR,16,v4,As_32_32_32,1,jude_rel,96912,,L1-dcache-load-misses,1.80%,50158090,100.00,1.13,of all L1-dcache accesses,perf-results-driver-matmul-m256_n32_k512-ACC_v4_As_32_32_32_2_Asquare-ACC-app.csv
2,Asquare,256_32_512,matmul_i32,MLIR,16,v4,As_32_32_32,1,jude_rel,8563904,,L1-dcache-loads,0.05%,50158090,100.00,170.785,M/sec,perf-results-driver-matmul-m256_n32_k512-ACC_v4_As_32_32_32_2_Asquare-ACC-app.csv
2,Asquare,256_32_512,matmul_i32,MLIR,16,v4,As_32_32_32,1,jude_rel,8647984,,L1-dcache-stores,0.99%,49210896,98.11,172.462,M/sec,perf-results-driver-matmul-m256_n32_k512-ACC_v4_As_32_32_32_2_Asquare-ACC-app.csv
2,Asquare,256_32_512,matmul_i32,MLIR,16,v4,As_32_32_32,1,jude_rel,110078,,L1-icache-load-misses,13.96%,39212023,78.18,,,perf-results-driver-matmul-m256_n32_k512-ACC_v4_As_32_32_32_2_Asquare-ACC-app.csv
2,Asquare,256_32_512,matmul_i32,MLIR,16,v4,As_32_32_32,1,jude_rel,51288139,ns,duration_time,0.23%,51288139,100.00,1.023,G/sec,perf-results-driver-matmul-m256_n32_k512-ACC_v4_As_32_32_32_2_Asquare-ACC-app.csv
3,Optimal,256_512_32,matmul_i32,MLIR,16,v4,As_128_32_32,1,jude_rel,1314474,,branch-instructions,0.71%,22710694,53.15,30.697,M/sec,perf-results-driver-matmul-m256_n512_k32-ACC_v4_As_128_32_32_3_Optimal-ACC-app.csv
3,Optimal,256_512_32,matmul_i32,MLIR,16,v4,As_128_32_32,1,jude_rel,260174,,branch-misses,3.11%,22730534,53.20,19.48,of all branches,perf-results-driver-matmul-m256_n512_k32-ACC_v4_As_128_32_32_3_Optimal-ACC-app.csv
3,Optimal,256_512_32,matmul_i32,MLIR,16,v4,As_128_32_32,1,jude_rel,7850865,,cache-references,0.70%,24322460,56.92,183.344,M/sec,perf-results-driver-matmul-m256_n512_k32-ACC_v4_As_128_32_32_3_Optimal-ACC-app.csv
3,Optimal,256_512_32,matmul_i32,MLIR,16,v4,As_128_32_32,1,jude_rel,98279,,cache-misses,1.85%,34299487,80.28,1.251,of all cache refs,perf-results-driver-matmul-m256_n512_k32-ACC_v4_As_128_32_32_3_Optimal-ACC-app.csv
3,Optimal,256_512_32,matmul_i32,MLIR,16,v4,As_128_32_32,1,jude_rel,27601478,,cpu-cycles,0.18%,42727434,100.00,0.645,GHz,perf-results-driver-matmul-m256_n512_k32-ACC_v4_As_128_32_32_3_Optimal-ACC-app.csv
3,Optimal,256_512_32,matmul_i32,MLIR,16,v4,As_128_32_32,1,jude_rel,1,,context-switches,31.62%,42720099,100.00,23.353,/sec,perf-results-driver-matmul-m256_n512_k32-ACC_v4_As_128_32_32_3_Optimal-ACC-app.csv
3,Optimal,256_512_32,matmul_i32,MLIR,16,v4,As_128_32_32,1,jude_rel,401,,page-faults,0.15%,42720099,100.00,9.365,K/sec,perf-results-driver-matmul-m256_n512_k32-ACC_v4_As_128_32_32_3_Optimal-ACC-app.csv
3,Optimal,256_512_32,matmul_i32,MLIR,16,v4,As_128_32_32,1,jude_rel,42.72,msec,task-clock,0.18%,42720099,100.00,0.971,CPUs utilized,perf-results-driver-matmul-m256_n512_k32-ACC_v4_As_128_32_32_3_Optimal-ACC-app.csv
3,Optimal,256_512_32,matmul_i32,MLIR,16,v4,As_128_32_32,1,jude_rel,99456,,L1-dcache-load-misses,1.08%,42727434,100.00,1.26,of all L1-dcache accesses,perf-results-driver-matmul-m256_n512_k32-ACC_v4_As_128_32_32_3_Optimal-ACC-app.csv
3,Optimal,256_512_32,matmul_i32,MLIR,16,v4,As_128_32_32,1,jude_rel,7861291,,L1-dcache-loads,0.09%,42727434,100.00,183.588,M/sec,perf-results-driver-matmul-m256_n512_k32-ACC_v4_As_128_32_32_3_Optimal-ACC-app.csv
3,Optimal,256_512_32,matmul_i32,MLIR,16,v4,As_128_32_32,1,jude_rel,8270910,,L1-dcache-stores,1.40%,38421714,89.92,193.154,M/sec,perf-results-driver-matmul-m256_n512_k32-ACC_v4_As_128_32_32_3_Optimal-ACC-app.csv
3,Optimal,256_512_32,matmul_i32,MLIR,16,v4,As_128_32_32,1,jude_rel,41262,,L1-icache-load-misses,31.50%,28424847,66.53,,,perf-results-driver-matmul-m256_n512_k32-ACC_v4_As_128_32_32_3_Optimal-ACC-app.csv
3,Optimal,256_512_32,matmul_i32,MLIR,16,v4,As_128_32_32,1,jude_rel,43908265,ns,duration_time,0.23%,43908265,100.00,1.025,G/sec,perf-results-driver-matmul-m256_n512_k32-ACC_v4_As_128_32_32_3_Optimal-ACC-app.csv
0,Csquare,32_256_512,matmul_i32,MLIR,16,v4,Cs_32_32_32,1,jude_rel,1000432,,branch-instructions,3.61%,15628100,43.86,27.969,M/sec,perf-results-driver-matmul-m32_n256_k512-ACC_v4_Cs_32_32_32_0_Csquare-ACC-app.csv
0,Csquare,32_256_512,matmul_i32,MLIR,16,v4,Cs_32_32_32,1,jude_rel,281847,,branch-misses,4.18%,15643925,43.90,27.27,of all branches,perf-results-driver-matmul-m32_n256_k512-ACC_v4_Cs_32_32_32_0_Csquare-ACC-app.csv
0,Csquare,32_256_512,matmul_i32,MLIR,16,v4,Cs_32_32_32,1,jude_rel,6592973,,cache-references,2.03%,24314599,68.24,184.316,M/sec,perf-results-driver-matmul-m32_n256_k512-ACC_v4_Cs_32_32_32_0_Csquare-ACC-app.csv
0,Csquare,32_256_512,matmul_i32,MLIR,16,v4,Cs_32_32_32,1,jude_rel,94114,,cache-misses,1.24%,34298672,96.26,1.431,of all cache refs,perf-results-driver-matmul-m32_n256_k512-ACC_v4_Cs_32_32_32_0_Csquare-ACC-app.csv
0,Csquare,32_256_512,matmul_i32,MLIR,16,v4,Cs_32_32_32,1,jude_rel,23004407,,cpu-cycles,0.16%,35633050,100.00,0.643,GHz,perf-results-driver-matmul-m32_n256_k512-ACC_v4_Cs_32_32_32_0_Csquare-ACC-app.csv
0,Csquare,32_256_512,matmul_i32,MLIR,16,v4,Cs_32_32_32,1,jude_rel,1,,context-switches,37.42%,35617364,100.00,27.956,/sec,perf-results-driver-matmul-m32_n256_k512-ACC_v4_Cs_32_32_32_0_Csquare-ACC-app.csv
0,Csquare,32_256_512,matmul_i32,MLIR,16,v4,Cs_32_32_32,1,jude_rel,278,,page-faults,0.09%,35617364,100.00,7.772,K/sec,perf-results-driver-matmul-m32_n256_k512-ACC_v4_Cs_32_32_32_0_Csquare-ACC-app.csv
0,Csquare,32_256_512,matmul_i32,MLIR,16,v4,Cs_32_32_32,1,jude_rel,35.62,msec,task-clock,0.17%,35617364,100.00,0.965,CPUs utilized,perf-results-driver-matmul-m32_n256_k512-ACC_v4_Cs_32_32_32_0_Csquare-ACC-app.csv
0,Csquare,32_256_512,matmul_i32,MLIR,16,v4,Cs_32_32_32,1,jude_rel,95631,,L1-dcache-load-misses,1.35%,35633050,100.00,1.67,of all L1-dcache accesses,perf-results-driver-matmul-m32_n256_k512-ACC_v4_Cs_32_32_32_0_Csquare-ACC-app.csv
0,Csquare,32_256_512,matmul_i32,MLIR,16,v4,Cs_32_32_32,1,jude_rel,5710006,,L1-dcache-loads,0.08%,35633050,100.00,159.632,M/sec,perf-results-driver-matmul-m32_n256_k512-ACC_v4_Cs_32_32_32_0_Csquare-ACC-app.csv
0,Csquare,32_256_512,matmul_i32,MLIR,16,v4,Cs_32_32_32,1,jude_rel,6010949,,L1-dcache-stores,1.02%,31323401,87.91,168.045,M/sec,perf-results-driver-matmul-m32_n256_k512-ACC_v4_Cs_32_32_32_0_Csquare-ACC-app.csv
0,Csquare,32_256_512,matmul_i32,MLIR,16,v4,Cs_32_32_32,1,jude_rel,50842,,L1-icache-load-misses,27.11%,21323503,59.84,,,perf-results-driver-matmul-m32_n256_k512-ACC_v4_Cs_32_32_32_0_Csquare-ACC-app.csv
0,Csquare,32_256_512,matmul_i32,MLIR,16,v4,Cs_32_32_32,1,jude_rel,37011090,ns,duration_time,0.25%,37011090,100.00,1.035,G/sec,perf-results-driver-matmul-m32_n256_k512-ACC_v4_Cs_32_32_32_0_Csquare-ACC-app.csv
4,Optimal,512_32_256,matmul_i32,MLIR,16,v4,Cs_128_32_32,1,jude_rel,944190,,branch-instructions,2.15%,11622048,36.74,29.689,M/sec,perf-results-driver-matmul-m512_n32_k256-ACC_v4_Cs_128_32_32_4_Optimal-ACC-app.csv
4,Optimal,512_32_256,matmul_i32,MLIR,16,v4,Cs_128_32_32,1,jude_rel,271151,,branch-misses,4.75%,13003070,41.10,27.71,of all branches,perf-results-driver-matmul-m512_n32_k256-ACC_v4_Cs_128_32_32_4_Optimal-ACC-app.csv
4,Optimal,512_32_256,matmul_i32,MLIR,16,v4,Cs_128_32_32,1,jude_rel,5744539,,cache-references,1.45%,23022550,72.77,180.633,M/sec,perf-results-driver-matmul-m512_n32_k256-ACC_v4_Cs_128_32_32_4_Optimal-ACC-app.csv
4,Optimal,512_32_256,matmul_i32,MLIR,16,v4,Cs_128_32_32,1,jude_rel,80536,,cache-misses,1.97%,31637118,100.00,1.428,of all cache refs,perf-results-driver-matmul-m512_n32_k256-ACC_v4_Cs_128_32_32_4_Optimal-ACC-app.csv
4,Optimal,512_32_256,matmul_i32,MLIR,16,v4,Cs_128_32_32,1,jude_rel,20455130,,cpu-cycles,0.16%,31637118,100.00,0.643,GHz,perf-results-driver-matmul-m512_n32_k256-ACC_v4_Cs_128_32_32_4_Optimal-ACC-app.csv
4,Optimal,512_32_256,matmul_i32,MLIR,16,v4,Cs_128_32_32,1,jude_rel,0,,context-switches,0.00%,31639669,100.00,0.000,/sec,perf-results-driver-matmul-m512_n32_k256-ACC_v4_Cs_128_32_32_4_Optimal-ACC-app.csv
4,Optimal,512_32_256,matmul_i32,MLIR,16,v4,Cs_128_32_32,1,jude_rel,291,,page-faults,0.20%,31639669,100.00,9.150,K/sec,perf-results-driver-matmul-m512_n32_k256-ACC_v4_Cs_128_32_32_4_Optimal-ACC-app.csv
4,Optimal,512_32_256,matmul_i32,MLIR,16,v4,Cs_128_32_32,1,jude_rel,31.64,msec,task-clock,0.16%,31639669,100.00,0.963,CPUs utilized,perf-results-driver-matmul-m512_n32_k256-ACC_v4_Cs_128_32_32_4_Optimal-ACC-app.csv
4,Optimal,512_32_256,matmul_i32,MLIR,16,v4,Cs_128_32_32,1,jude_rel,80536,,L1-dcache-load-misses,1.97%,31637118,100.00,1.53,of all L1-dcache accesses,perf-results-driver-matmul-m512_n32_k256-ACC_v4_Cs_128_32_32_4_Optimal-ACC-app.csv
4,Optimal,512_32_256,matmul_i32,MLIR,16,v4,Cs_128_32_32,1,jude_rel,5242013,,L1-dcache-loads,0.03%,31637118,100.00,164.831,M/sec,perf-results-driver-matmul-m512_n32_k256-ACC_v4_Cs_128_32_32_4_Optimal-ACC-app.csv
4,Optimal,512_32_256,matmul_i32,MLIR,16,v4,Cs_128_32_32,1,jude_rel,5455075,,L1-dcache-stores,1.58%,28629638,90.49,171.531,M/sec,perf-results-driver-matmul-m512_n32_k256-ACC_v4_Cs_128_32_32_4_Optimal-ACC-app.csv
4,Optimal,512_32_256,matmul_i32,MLIR,16,v4,Cs_128_32_32,1,jude_rel,58494,,L1-icache-load-misses,7.73%,18634048,58.90,,,perf-results-driver-matmul-m512_n32_k256-ACC_v4_Cs_128_32_32_4_Optimal-ACC-app.csv
4,Optimal,512_32_256,matmul_i32,MLIR,16,v4,Cs_128_32_32,1,jude_rel,32644491,ns,duration_time,0.22%,32644491,100.00,1.026,G/sec,perf-results-driver-matmul-m512_n32_k256-ACC_v4_Cs_128_32_32_4_Optimal-ACC-app.csv
5,Csquare,512_256_32,matmul_i32,MLIR,16,v4,Cs_32_32_32,1,jude_rel,1549821,,branch-instructions,0.88%,29772279,59.80,31.049,M/sec,perf-results-driver-matmul-m512_n256_k32-ACC_v4_Cs_32_32_32_5_Csquare-ACC-app.csv
5,Csquare,512_256_32,matmul_i32,MLIR,16,v4,Cs_32_32_32,1,jude_rel,255596,,branch-misses,0.86%,29809725,59.87,16.26,of all branches,perf-results-driver-matmul-m512_n256_k32-ACC_v4_Cs_32_32_32_5_Csquare-ACC-app.csv
5,Csquare,512_256_32,matmul_i32,MLIR,16,v4,Cs_32_32_32,1,jude_rel,9067154,,cache-references,0.34%,26380854,52.99,181.649,M/sec,perf-results-driver-matmul-m512_n256_k32-ACC_v4_Cs_32_32_32_5_Csquare-ACC-app.csv
5,Csquare,512_256_32,matmul_i32,MLIR,16,v4,Cs_32_32_32,1,jude_rel,111003,,cache-misses,1.33%,36355859,73.02,1.222,of all cache refs,perf-results-driver-matmul-m512_n256_k32-ACC_v4_Cs_32_32_32_5_Csquare-ACC-app.csv
5,Csquare,512_256_32,matmul_i32,MLIR,16,v4,Cs_32_32_32,1,jude_rel,32197267,,cpu-cycles,0.10%,46352253,93.10,0.645,GHz,perf-results-driver-matmul-m512_n256_k32-ACC_v4_Cs_32_32_32_5_Csquare-ACC-app.csv
5,Csquare,512_256_32,matmul_i32,MLIR,16,v4,Cs_32_32_32,1,jude_rel,0,,context-switches,0.00%,49787471,100.00,0.000,/sec,perf-results-driver-matmul-m512_n256_k32-ACC_v4_Cs_32_32_32_5_Csquare-ACC-app.csv
5,Csquare,512_256_32,matmul_i32,MLIR,16,v4,Cs_32_32_32,1,jude_rel,402,,page-faults,0.10%,49787471,100.00,8.054,K/sec,perf-results-driver-matmul-m512_n256_k32-ACC_v4_Cs_32_32_32_5_Csquare-ACC-app.csv
5,Csquare,512_256_32,matmul_i32,MLIR,16,v4,Cs_32_32_32,1,jude_rel,49.79,msec,task-clock,0.10%,49787471,100.00,0.975,CPUs utilized,perf-results-driver-matmul-m512_n256_k32-ACC_v4_Cs_32_32_32_5_Csquare-ACC-app.csv
5,Csquare,512_256_32,matmul_i32,MLIR,16,v4,Cs_32_32_32,1,jude_rel,110389,,L1-dcache-load-misses,1.21%,49787936,100.00,1.28,of all L1-dcache accesses,perf-results-driver-matmul-m512_n256_k32-ACC_v4_Cs_32_32_32_5_Csquare-ACC-app.csv
5,Csquare,512_256_32,matmul_i32,MLIR,16,v4,Cs_32_32_32,1,jude_rel,8617494,,L1-dcache-loads,0.07%,49787936,100.00,172.641,M/sec,perf-results-driver-matmul-m512_n256_k32-ACC_v4_Cs_32_32_32_5_Csquare-ACC-app.csv
5,Csquare,512_256_32,matmul_i32,MLIR,16,v4,Cs_32_32_32,1,jude_rel,9128390,,L1-dcache-stores,0.74%,43422739,87.22,182.876,M/sec,perf-results-driver-matmul-m512_n256_k32-ACC_v4_Cs_32_32_32_5_Csquare-ACC-app.csv
5,Csquare,512_256_32,matmul_i32,MLIR,16,v4,Cs_32_32_32,1,jude_rel,48185,,L1-icache-load-misses,6.66%,33410288,67.11,,,perf-results-driver-matmul-m512_n256_k32-ACC_v4_Cs_32_32_32_5_Csquare-ACC-app.csv
5,Csquare,512_256_32,matmul_i32,MLIR,16,v4,Cs_32_32_32,1,jude_rel,50784056,ns,duration_time,0.26%,50784056,100.00,1.017,G/sec,perf-results-driver-matmul-m512_n256_k32-ACC_v4_Cs_32_32_32_5_Csquare-ACC-app.csv
5,Optimal,512_256_32,matmul_i32,MLIR,16,v4,Bs_32_128_32,1,jude_rel,1350431,,branch-instructions,1.13%,22252491,52.65,31.857,M/sec,perf-results-driver-matmul-m512_n256_k32-ACC_v4_Bs_32_128_32_5_Optimal-ACC-app.csv
5,Optimal,512_256_32,matmul_i32,MLIR,16,v4,Bs_32_128_32,1,jude_rel,254806,,branch-misses,3.66%,22287577,52.74,19.69,of all branches,perf-results-driver-matmul-m512_n256_k32-ACC_v4_Bs_32_128_32_5_Optimal-ACC-app.csv
5,Optimal,512_256_32,matmul_i32,MLIR,16,v4,Bs_32_128_32,1,jude_rel,7777379,,cache-references,0.40%,29031475,68.69,183.470,M/sec,perf-results-driver-matmul-m512_n256_k32-ACC_v4_Bs_32_128_32_5_Optimal-ACC-app.csv
5,Optimal,512_256_32,matmul_i32,MLIR,16,v4,Bs_32_128_32,1,jude_rel,99978,,cache-misses,2.63%,39017819,92.32,1.294,of all cache refs,perf-results-driver-matmul-m512_n256_k32-ACC_v4_Bs_32_128_32_5_Optimal-ACC-app.csv
5,Optimal,512_256_32,matmul_i32,MLIR,16,v4,Bs_32_128_32,1,jude_rel,27307457,,cpu-cycles,0.11%,42262468,100.00,0.644,GHz,perf-results-driver-matmul-m512_n256_k32-ACC_v4_Bs_32_128_32_5_Optimal-ACC-app.csv
5,Optimal,512_256_32,matmul_i32,MLIR,16,v4,Bs_32_128_32,1,jude_rel,0,,context-switches,0.00%,42258914,100.00,0.000,/sec,perf-results-driver-matmul-m512_n256_k32-ACC_v4_Bs_32_128_32_5_Optimal-ACC-app.csv
5,Optimal,512_256_32,matmul_i32,MLIR,16,v4,Bs_32_128_32,1,jude_rel,402,,page-faults,0.05%,42258914,100.00,9.483,K/sec,perf-results-driver-matmul-m512_n256_k32-ACC_v4_Bs_32_128_32_5_Optimal-ACC-app.csv
5,Optimal,512_256_32,matmul_i32,MLIR,16,v4,Bs_32_128_32,1,jude_rel,42.26,msec,task-clock,0.10%,42258914,100.00,0.972,CPUs utilized,perf-results-driver-matmul-m512_n256_k32-ACC_v4_Bs_32_128_32_5_Optimal-ACC-app.csv
5,Optimal,512_256_32,matmul_i32,MLIR,16,v4,Bs_32_128_32,1,jude_rel,102733,,L1-dcache-load-misses,2.10%,42262468,100.00,1.35,of all L1-dcache accesses,perf-results-driver-matmul-m512_n256_k32-ACC_v4_Bs_32_128_32_5_Optimal-ACC-app.csv
5,Optimal,512_256_32,matmul_i32,MLIR,16,v4,Bs_32_128_32,1,jude_rel,7631158,,L1-dcache-loads,0.05%,42262468,100.00,180.021,M/sec,perf-results-driver-matmul-m512_n256_k32-ACC_v4_Bs_32_128_32_5_Optimal-ACC-app.csv
5,Optimal,512_256_32,matmul_i32,MLIR,16,v4,Bs_32_128_32,1,jude_rel,8292460,,L1-dcache-stores,1.41%,33240970,78.65,195.621,M/sec,perf-results-driver-matmul-m512_n256_k32-ACC_v4_Bs_32_128_32_5_Optimal-ACC-app.csv
5,Optimal,512_256_32,matmul_i32,MLIR,16,v4,Bs_32_128_32,1,jude_rel,53058,,L1-icache-load-misses,27.53%,23219540,54.94,,,perf-results-driver-matmul-m512_n256_k32-ACC_v4_Bs_32_128_32_5_Optimal-ACC-app.csv
5,Optimal,512_256_32,matmul_i32,MLIR,16,v4,Bs_32_128_32,1,jude_rel,43272242,ns,duration_time,0.17%,43272242,100.00,1.021,G/sec,perf-results-driver-matmul-m512_n256_k32-ACC_v4_Bs_32_128_32_5_Optimal-ACC-app.csv
4,Bsquare,512_32_256,matmul_i32,MLIR,16,v4,Bs_32_32_32,1,jude_rel,1469958,,branch-instructions,0.51%,26229457,56.74,31.731,M/sec,perf-results-driver-matmul-m512_n32_k256-ACC_v4_Bs_32_32_32_4_Bsquare-ACC-app.csv
4,Bsquare,512_32_256,matmul_i32,MLIR,16,v4,Bs_32_32_32,1,jude_rel,251232,,branch-misses,0.33%,26267023,56.82,17.39,of all branches,perf-results-driver-matmul-m512_n32_k256-ACC_v4_Bs_32_32_32_4_Bsquare-ACC-app.csv
4,Bsquare,512_32_256,matmul_i32,MLIR,16,v4,Bs_32_32_32,1,jude_rel,8430946,,cache-references,0.09%,29267149,63.31,181.991,M/sec,perf-results-driver-matmul-m512_n32_k256-ACC_v4_Bs_32_32_32_4_Bsquare-ACC-app.csv
4,Bsquare,512_32_256,matmul_i32,MLIR,16,v4,Bs_32_32_32,1,jude_rel,99067,,cache-misses,1.27%,39251761,84.90,1.173,of all cache refs,perf-results-driver-matmul-m512_n32_k256-ACC_v4_Bs_32_32_32_4_Bsquare-ACC-app.csv
4,Bsquare,512_32_256,matmul_i32,MLIR,16,v4,Bs_32_32_32,1,jude_rel,29893151,,cpu-cycles,0.10%,46230582,100.00,0.645,GHz,perf-results-driver-matmul-m512_n32_k256-ACC_v4_Bs_32_32_32_4_Bsquare-ACC-app.csv
4,Bsquare,512_32_256,matmul_i32,MLIR,16,v4,Bs_32_32_32,1,jude_rel,0,,context-switches,0.00%,46227191,100.00,0.000,/sec,perf-results-driver-matmul-m512_n32_k256-ACC_v4_Bs_32_32_32_4_Bsquare-ACC-app.csv
4,Bsquare,512_32_256,matmul_i32,MLIR,16,v4,Bs_32_32_32,1,jude_rel,286,,page-faults,0.09%,46227191,100.00,6.174,K/sec,perf-results-driver-matmul-m512_n32_k256-ACC_v4_Bs_32_32_32_4_Bsquare-ACC-app.csv
4,Bsquare,512_32_256,matmul_i32,MLIR,16,v4,Bs_32_32_32,1,jude_rel,46.23,msec,task-clock,0.10%,46227191,100.00,0.975,CPUs utilized,perf-results-driver-matmul-m512_n32_k256-ACC_v4_Bs_32_32_32_4_Bsquare-ACC-app.csv
4,Bsquare,512_32_256,matmul_i32,MLIR,16,v4,Bs_32_32_32,1,jude_rel,100001,,L1-dcache-load-misses,1.01%,46230582,100.00,1.22,of all L1-dcache accesses,perf-results-driver-matmul-m512_n32_k256-ACC_v4_Bs_32_32_32_4_Bsquare-ACC-app.csv
4,Bsquare,512_32_256,matmul_i32,MLIR,16,v4,Bs_32_32_32,1,jude_rel,8208628,,L1-dcache-loads,0.03%,46230582,100.00,177.192,M/sec,perf-results-driver-matmul-m512_n32_k256-ACC_v4_Bs_32_32_32_4_Bsquare-ACC-app.csv
4,Bsquare,512_32_256,matmul_i32,MLIR,16,v4,Bs_32_32_32,1,jude_rel,8836038,,L1-dcache-stores,0.04%,36964558,79.96,190.735,M/sec,perf-results-driver-matmul-m512_n32_k256-ACC_v4_Bs_32_32_32_4_Bsquare-ACC-app.csv
4,Bsquare,512_32_256,matmul_i32,MLIR,16,v4,Bs_32_32_32,1,jude_rel,51621,,L1-icache-load-misses,2.19%,26942380,58.28,,,perf-results-driver-matmul-m512_n32_k256-ACC_v4_Bs_32_32_32_4_Bsquare-ACC-app.csv
4,Bsquare,512_32_256,matmul_i32,MLIR,16,v4,Bs_32_32_32,1,jude_rel,47331674,ns,duration_time,0.11%,47331674,100.00,1.022,G/sec,perf-results-driver-matmul-m512_n32_k256-ACC_v4_Bs_32_32_32_4_Bsquare-ACC-app.csv
5,Bsquare,512_256_32,matmul_i32,MLIR,16,v4,Bs_32_32_32,1,jude_rel,1431688,,branch-instructions,0.36%,26670463,57.12,30.521,M/sec,perf-results-driver-matmul-m512_n256_k32-ACC_v4_Bs_32_32_32_5_Bsquare-ACC-app.csv
5,Bsquare,512_256_32,matmul_i32,MLIR,16,v4,Bs_32_32_32,1,jude_rel,221637,,branch-misses,1.63%,26688318,57.15,15.55,of all branches,perf-results-driver-matmul-m512_n256_k32-ACC_v4_Bs_32_32_32_5_Bsquare-ACC-app.csv
5,Bsquare,512_256_32,matmul_i32,MLIR,16,v4,Bs_32_32_32,1,jude_rel,8493164,,cache-references,0.47%,21089913,45.17,181.057,M/sec,perf-results-driver-matmul-m512_n256_k32-ACC_v4_Bs_32_32_32_5_Bsquare-ACC-app.csv
5,Bsquare,512_256_32,matmul_i32,MLIR,16,v4,Bs_32_32_32,1,jude_rel,106484,,cache-misses,0.83%,31068875,66.54,1.237,of all cache refs,perf-results-driver-matmul-m512_n256_k32-ACC_v4_Bs_32_32_32_5_Bsquare-ACC-app.csv
5,Bsquare,512_256_32,matmul_i32,MLIR,16,v4,Bs_32_32_32,1,jude_rel,30172709,,cpu-cycles,0.20%,41057238,87.93,0.643,GHz,perf-results-driver-matmul-m512_n256_k32-ACC_v4_Bs_32_32_32_5_Bsquare-ACC-app.csv
5,Bsquare,512_256_32,matmul_i32,MLIR,16,v4,Bs_32_32_32,1,jude_rel,0,,context-switches,0.00%,46694157,100.00,0.000,/sec,perf-results-driver-matmul-m512_n256_k32-ACC_v4_Bs_32_32_32_5_Bsquare-ACC-app.csv
5,Bsquare,512_256_32,matmul_i32,MLIR,16,v4,Bs_32_32_32,1,jude_rel,399,,page-faults,0.10%,46694157,100.00,8.506,K/sec,perf-results-driver-matmul-m512_n256_k32-ACC_v4_Bs_32_32_32_5_Bsquare-ACC-app.csv
5,Bsquare,512_256_32,matmul_i32,MLIR,16,v4,Bs_32_32_32,1,jude_rel,46.69,msec,task-clock,0.21%,46694157,100.00,0.970,CPUs utilized,perf-results-driver-matmul-m512_n256_k32-ACC_v4_Bs_32_32_32_5_Bsquare-ACC-app.csv
5,Bsquare,512_256_32,matmul_i32,MLIR,16,v4,Bs_32_32_32,1,jude_rel,102367,,L1-dcache-load-misses,0.78%,46695037,100.00,1.23,of all L1-dcache accesses,perf-results-driver-matmul-m512_n256_k32-ACC_v4_Bs_32_32_32_5_Bsquare-ACC-app.csv
5,Bsquare,512_256_32,matmul_i32,MLIR,16,v4,Bs_32_32_32,1,jude_rel,8292771,,L1-dcache-loads,0.09%,46695037,100.00,176.785,M/sec,perf-results-driver-matmul-m512_n256_k32-ACC_v4_Bs_32_32_32_5_Bsquare-ACC-app.csv
5,Bsquare,512_256_32,matmul_i32,MLIR,16,v4,Bs_32_32_32,1,jude_rel,8385707,,L1-dcache-stores,0.29%,45629698,97.72,178.767,M/sec,perf-results-driver-matmul-m512_n256_k32-ACC_v4_Bs_32_32_32_5_Bsquare-ACC-app.csv
5,Bsquare,512_256_32,matmul_i32,MLIR,16,v4,Bs_32_32_32,1,jude_rel,111149,,L1-icache-load-misses,6.37%,35632881,76.31,,,perf-results-driver-matmul-m512_n256_k32-ACC_v4_Bs_32_32_32_5_Bsquare-ACC-app.csv
5,Bsquare,512_256_32,matmul_i32,MLIR,16,v4,Bs_32_32_32,1,jude_rel,47782144,ns,duration_time,0.32%,47782144,100.00,1.019,G/sec,perf-results-driver-matmul-m512_n256_k32-ACC_v4_Bs_32_32_32_5_Bsquare-ACC-app.csv
2,Bsquare,256_32_512,matmul_i32,MLIR,16,v4,Bs_32_32_32,1,jude_rel,1423648,,branch-instructions,0.90%,26698370,57.29,30.698,M/sec,perf-results-driver-matmul-m256_n32_k512-ACC_v4_Bs_32_32_32_2_Bsquare-ACC-app.csv
2,Bsquare,256_32_512,matmul_i32,MLIR,16,v4,Bs_32_32_32,1,jude_rel,224963,,branch-misses,2.43%,26595709,57.07,15.32,of all branches,perf-results-driver-matmul-m256_n32_k512-ACC_v4_Bs_32_32_32_2_Bsquare-ACC-app.csv
2,Bsquare,256_32_512,matmul_i32,MLIR,16,v4,Bs_32_32_32,1,jude_rel,8211160,,cache-references,0.63%,20179359,43.31,177.054,M/sec,perf-results-driver-matmul-m256_n32_k512-ACC_v4_Bs_32_32_32_2_Bsquare-ACC-app.csv
2,Bsquare,256_32_512,matmul_i32,MLIR,16,v4,Bs_32_32_32,1,jude_rel,102653,,cache-misses,2.09%,30154644,64.71,1.219,of all cache refs,perf-results-driver-matmul-m256_n32_k512-ACC_v4_Bs_32_32_32_2_Bsquare-ACC-app.csv
2,Bsquare,256_32_512,matmul_i32,MLIR,16,v4,Bs_32_32_32,1,jude_rel,30093289,,cpu-cycles,0.14%,40140314,86.14,0.649,GHz,perf-results-driver-matmul-m256_n32_k512-ACC_v4_Bs_32_32_32_2_Bsquare-ACC-app.csv
2,Bsquare,256_32_512,matmul_i32,MLIR,16,v4,Bs_32_32_32,1,jude_rel,2,,context-switches,22.36%,46574821,100.00,43.125,/sec,perf-results-driver-matmul-m256_n32_k512-ACC_v4_Bs_32_32_32_2_Bsquare-ACC-app.csv
2,Bsquare,256_32_512,matmul_i32,MLIR,16,v4,Bs_32_32_32,1,jude_rel,280,,page-faults,0.13%,46574821,100.00,6.038,K/sec,perf-results-driver-matmul-m256_n32_k512-ACC_v4_Bs_32_32_32_2_Bsquare-ACC-app.csv
2,Bsquare,256_32_512,matmul_i32,MLIR,16,v4,Bs_32_32_32,1,jude_rel,46.57,msec,task-clock,0.15%,46574821,100.00,0.978,CPUs utilized,perf-results-driver-matmul-m256_n32_k512-ACC_v4_Bs_32_32_32_2_Bsquare-ACC-app.csv
2,Bsquare,256_32_512,matmul_i32,MLIR,16,v4,Bs_32_32_32,1,jude_rel,95772,,L1-dcache-load-misses,0.81%,46598218,100.00,1.16,of all L1-dcache accesses,perf-results-driver-matmul-m256_n32_k512-ACC_v4_Bs_32_32_32_2_Bsquare-ACC-app.csv
2,Bsquare,256_32_512,matmul_i32,MLIR,16,v4,Bs_32_32_32,1,jude_rel,8266697,,L1-dcache-loads,0.08%,46598218,100.00,178.251,M/sec,perf-results-driver-matmul-m256_n32_k512-ACC_v4_Bs_32_32_32_2_Bsquare-ACC-app.csv
2,Bsquare,256_32_512,matmul_i32,MLIR,16,v4,Bs_32_32_32,1,jude_rel,8300973,,L1-dcache-stores,1.37%,46318707,99.40,178.990,M/sec,perf-results-driver-matmul-m256_n32_k512-ACC_v4_Bs_32_32_32_2_Bsquare-ACC-app.csv
2,Bsquare,256_32_512,matmul_i32,MLIR,16,v4,Bs_32_32_32,1,jude_rel,104600,,L1-icache-load-misses,10.41%,36446083,78.21,,,perf-results-driver-matmul-m256_n32_k512-ACC_v4_Bs_32_32_32_2_Bsquare-ACC-app.csv
2,Bsquare,256_32_512,matmul_i32,MLIR,16,v4,Bs_32_32_32,1,jude_rel,47896617,ns,duration_time,0.31%,47896617,100.00,1.033,G/sec,perf-results-driver-matmul-m256_n32_k512-ACC_v4_Bs_32_32_32_2_Bsquare-ACC-app.csv
5,Asquare,512_256_32,matmul_i32,MLIR,16,v4,As_32_32_32,1,jude_rel,1446001,,branch-instructions,0.34%,27240690,57.64,30.610,M/sec,perf-results-driver-matmul-m512_n256_k32-ACC_v4_As_32_32_32_5_Asquare-ACC-app.csv
5,Asquare,512_256_32,matmul_i32,MLIR,16,v4,As_32_32_32,1,jude_rel,263122,,branch-misses,0.61%,27272840,57.71,18.11,of all branches,perf-results-driver-matmul-m512_n256_k32-ACC_v4_As_32_32_32_5_Asquare-ACC-app.csv
5,Asquare,512_256_32,matmul_i32,MLIR,16,v4,As_32_32_32,1,jude_rel,8673602,,cache-references,0.14%,24282158,51.38,183.608,M/sec,perf-results-driver-matmul-m512_n256_k32-ACC_v4_As_32_32_32_5_Asquare-ACC-app.csv
5,Asquare,512_256_32,matmul_i32,MLIR,16,v4,As_32_32_32,1,jude_rel,107597,,cache-misses,0.77%,34251675,72.47,1.245,of all cache refs,perf-results-driver-matmul-m512_n256_k32-ACC_v4_As_32_32_32_5_Asquare-ACC-app.csv
5,Asquare,512_256_32,matmul_i32,MLIR,16,v4,As_32_32_32,1,jude_rel,30553119,,cpu-cycles,0.06%,44099908,93.31,0.647,GHz,perf-results-driver-matmul-m512_n256_k32-ACC_v4_As_32_32_32_5_Asquare-ACC-app.csv
5,Asquare,512_256_32,matmul_i32,MLIR,16,v4,As_32_32_32,1,jude_rel,1,,context-switches,31.62%,47248354,100.00,21.169,/sec,perf-results-driver-matmul-m512_n256_k32-ACC_v4_As_32_32_32_5_Asquare-ACC-app.csv
5,Asquare,512_256_32,matmul_i32,MLIR,16,v4,As_32_32_32,1,jude_rel,401,,page-faults,0.10%,47248354,100.00,8.489,K/sec,perf-results-driver-matmul-m512_n256_k32-ACC_v4_As_32_32_32_5_Asquare-ACC-app.csv
5,Asquare,512_256_32,matmul_i32,MLIR,16,v4,As_32_32_32,1,jude_rel,47.25,msec,task-clock,0.07%,47248354,100.00,0.975,CPUs utilized,perf-results-driver-matmul-m512_n256_k32-ACC_v4_As_32_32_32_5_Asquare-ACC-app.csv
5,Asquare,512_256_32,matmul_i32,MLIR,16,v4,As_32_32_32,1,jude_rel,105767,,L1-dcache-load-misses,0.63%,47261775,100.00,1.28,of all L1-dcache accesses,perf-results-driver-matmul-m512_n256_k32-ACC_v4_As_32_32_32_5_Asquare-ACC-app.csv
5,Asquare,512_256_32,matmul_i32,MLIR,16,v4,As_32_32_32,1,jude_rel,8247448,,L1-dcache-loads,0.03%,47261775,100.00,174.587,M/sec,perf-results-driver-matmul-m512_n256_k32-ACC_v4_As_32_32_32_5_Asquare-ACC-app.csv
5,Asquare,512_256_32,matmul_i32,MLIR,16,v4,As_32_32_32,1,jude_rel,8603017,,L1-dcache-stores,0.36%,43000702,90.98,182.114,M/sec,perf-results-driver-matmul-m512_n256_k32-ACC_v4_As_32_32_32_5_Asquare-ACC-app.csv
5,Asquare,512_256_32,matmul_i32,MLIR,16,v4,As_32_32_32,1,jude_rel,39278,,L1-icache-load-misses,4.65%,32999035,69.82,,,perf-results-driver-matmul-m512_n256_k32-ACC_v4_As_32_32_32_5_Asquare-ACC-app.csv
5,Asquare,512_256_32,matmul_i32,MLIR,16,v4,As_32_32_32,1,jude_rel,48473772,ns,duration_time,0.16%,48473772,100.00,1.026,G/sec,perf-results-driver-matmul-m512_n256_k32-ACC_v4_As_32_32_32_5_Asquare-ACC-app.csv
0,Bsquare,32_256_512,matmul_i32,MLIR,16,v4,Bs_32_32_32,1,jude_rel,1558379,,branch-instructions,0.38%,31617550,61.24,30.148,M/sec,perf-results-driver-matmul-m32_n256_k512-ACC_v4_Bs_32_32_32_0_Bsquare-ACC-app.csv
0,Bsquare,32_256_512,matmul_i32,MLIR,16,v4,Bs_32_32_32,1,jude_rel,255613,,branch-misses,2.76%,31656279,61.32,16.47,of all branches,perf-results-driver-matmul-m32_n256_k512-ACC_v4_Bs_32_32_32_0_Bsquare-ACC-app.csv
0,Bsquare,32_256_512,matmul_i32,MLIR,16,v4,Bs_32_32_32,1,jude_rel,9593772,,cache-references,0.47%,26347873,51.03,185.596,M/sec,perf-results-driver-matmul-m32_n256_k512-ACC_v4_Bs_32_32_32_0_Bsquare-ACC-app.csv
0,Bsquare,32_256_512,matmul_i32,MLIR,16,v4,Bs_32_32_32,1,jude_rel,114259,,cache-misses,0.68%,36321306,70.35,1.192,of all cache refs,perf-results-driver-matmul-m32_n256_k512-ACC_v4_Bs_32_32_32_0_Bsquare-ACC-app.csv
0,Bsquare,32_256_512,matmul_i32,MLIR,16,v4,Bs_32_32_32,1,jude_rel,33389690,,cpu-cycles,0.04%,46319185,89.72,0.646,GHz,perf-results-driver-matmul-m32_n256_k512-ACC_v4_Bs_32_32_32_0_Bsquare-ACC-app.csv
0,Bsquare,32_256_512,matmul_i32,MLIR,16,v4,Bs_32_32_32,1,jude_rel,1,,context-switches,0.00%,51613606,100.00,19.345,/sec,perf-results-driver-matmul-m32_n256_k512-ACC_v4_Bs_32_32_32_0_Bsquare-ACC-app.csv
0,Bsquare,32_256_512,matmul_i32,MLIR,16,v4,Bs_32_32_32,1,jude_rel,281,,page-faults,0.13%,51613606,100.00,5.436,K/sec,perf-results-driver-matmul-m32_n256_k512-ACC_v4_Bs_32_32_32_0_Bsquare-ACC-app.csv
0,Bsquare,32_256_512,matmul_i32,MLIR,16,v4,Bs_32_32_32,1,jude_rel,51.61,msec,task-clock,0.04%,51613606,100.00,0.978,CPUs utilized,perf-results-driver-matmul-m32_n256_k512-ACC_v4_Bs_32_32_32_0_Bsquare-ACC-app.csv
0,Bsquare,32_256_512,matmul_i32,MLIR,16,v4,Bs_32_32_32,1,jude_rel,111729,,L1-dcache-load-misses,1.14%,51627118,100.00,1.24,of all L1-dcache accesses,perf-results-driver-matmul-m32_n256_k512-ACC_v4_Bs_32_32_32_0_Bsquare-ACC-app.csv
0,Bsquare,32_256_512,matmul_i32,MLIR,16,v4,Bs_32_32_32,1,jude_rel,8981553,,L1-dcache-loads,0.07%,51627118,100.00,173.752,M/sec,perf-results-driver-matmul-m32_n256_k512-ACC_v4_Bs_32_32_32_0_Bsquare-ACC-app.csv
0,Bsquare,32_256_512,matmul_i32,MLIR,16,v4,Bs_32_32_32,1,jude_rel,9499678,,L1-dcache-stores,1.04%,45288813,87.72,183.776,M/sec,perf-results-driver-matmul-m32_n256_k512-ACC_v4_Bs_32_32_32_0_Bsquare-ACC-app.csv
0,Bsquare,32_256_512,matmul_i32,MLIR,16,v4,Bs_32_32_32,1,jude_rel,49204,,L1-icache-load-misses,30.83%,35276651,68.33,,,perf-results-driver-matmul-m32_n256_k512-ACC_v4_Bs_32_32_32_0_Bsquare-ACC-app.csv
0,Bsquare,32_256_512,matmul_i32,MLIR,16,v4,Bs_32_32_32,1,jude_rel,52749376,ns,duration_time,0.05%,52749376,100.00,1.020,G/sec,perf-results-driver-matmul-m32_n256_k512-ACC_v4_Bs_32_32_32_0_Bsquare-ACC-app.csv
1,Optimal,32_512_256,matmul_i32,MLIR,16,v4,Cs_32_128_32,1,jude_rel,894589,,branch-instructions,5.00%,13936959,41.31,26.727,M/sec,perf-results-driver-matmul-m32_n512_k256-ACC_v4_Cs_32_128_32_1_Optimal-ACC-app.csv
1,Optimal,32_512_256,matmul_i32,MLIR,16,v4,Cs_32_128_32,1,jude_rel,272144,,branch-misses,4.96%,13959060,41.37,27.64,of all branches,perf-results-driver-matmul-m32_n512_k256-ACC_v4_Cs_32_128_32_1_Optimal-ACC-app.csv
1,Optimal,32_512_256,matmul_i32,MLIR,16,v4,Cs_32_128_32,1,jude_rel,6472371,,cache-references,2.49%,22515174,66.73,193.369,M/sec,perf-results-driver-matmul-m32_n512_k256-ACC_v4_Cs_32_128_32_1_Optimal-ACC-app.csv
1,Optimal,32_512_256,matmul_i32,MLIR,16,v4,Cs_32_128_32,1,jude_rel,83624,,cache-misses,0.37%,32490543,96.29,1.372,of all cache refs,perf-results-driver-matmul-m32_n512_k256-ACC_v4_Cs_32_128_32_1_Optimal-ACC-app.csv
1,Optimal,32_512_256,matmul_i32,MLIR,16,v4,Cs_32_128_32,1,jude_rel,21746410,,cpu-cycles,0.27%,33740884,100.00,0.650,GHz,perf-results-driver-matmul-m32_n512_k256-ACC_v4_Cs_32_128_32_1_Optimal-ACC-app.csv
1,Optimal,32_512_256,matmul_i32,MLIR,16,v4,Cs_32_128_32,1,jude_rel,2,,context-switches,22.36%,33716401,100.00,59.752,/sec,perf-results-driver-matmul-m32_n512_k256-ACC_v4_Cs_32_128_32_1_Optimal-ACC-app.csv
1,Optimal,32_512_256,matmul_i32,MLIR,16,v4,Cs_32_128_32,1,jude_rel,290,,page-faults,0.13%,33716401,100.00,8.664,K/sec,perf-results-driver-matmul-m32_n512_k256-ACC_v4_Cs_32_128_32_1_Optimal-ACC-app.csv
1,Optimal,32_512_256,matmul_i32,MLIR,16,v4,Cs_32_128_32,1,jude_rel,33.72,msec,task-clock,0.31%,33716401,100.00,0.975,CPUs utilized,perf-results-driver-matmul-m32_n512_k256-ACC_v4_Cs_32_128_32_1_Optimal-ACC-app.csv
1,Optimal,32_512_256,matmul_i32,MLIR,16,v4,Cs_32_128_32,1,jude_rel,85576,,L1-dcache-load-misses,0.48%,33740884,100.00,1.55,of all L1-dcache accesses,perf-results-driver-matmul-m32_n512_k256-ACC_v4_Cs_32_128_32_1_Optimal-ACC-app.csv
1,Optimal,32_512_256,matmul_i32,MLIR,16,v4,Cs_32_128_32,1,jude_rel,5550387,,L1-dcache-loads,0.14%,33740884,100.00,165.823,M/sec,perf-results-driver-matmul-m32_n512_k256-ACC_v4_Cs_32_128_32_1_Optimal-ACC-app.csv
1,Optimal,32_512_256,matmul_i32,MLIR,16,v4,Cs_32_128_32,1,jude_rel,5738177,,L1-dcache-stores,1.29%,31029635,91.96,171.434,M/sec,perf-results-driver-matmul-m32_n512_k256-ACC_v4_Cs_32_128_32_1_Optimal-ACC-app.csv
1,Optimal,32_512_256,matmul_i32,MLIR,16,v4,Cs_32_128_32,1,jude_rel,79497,,L1-icache-load-misses,9.16%,21032165,62.33,,,perf-results-driver-matmul-m32_n512_k256-ACC_v4_Cs_32_128_32_1_Optimal-ACC-app.csv
1,Optimal,32_512_256,matmul_i32,MLIR,16,v4,Cs_32_128_32,1,jude_rel,34999674,ns,duration_time,0.47%,34999674,100.00,1.046,G/sec,perf-results-driver-matmul-m32_n512_k256-ACC_v4_Cs_32_128_32_1_Optimal-ACC-app.csv
2,Csquare,256_32_512,matmul_i32,MLIR,16,v4,Cs_32_32_32,1,jude_rel,1079598,,branch-instructions,2.75%,14553965,42.12,31.127,M/sec,perf-results-driver-matmul-m256_n32_k512-ACC_v4_Cs_32_32_32_2_Csquare-ACC-app.csv
2,Csquare,256_32_512,matmul_i32,MLIR,16,v4,Cs_32_32_32,1,jude_rel,232019,,branch-misses,4.62%,18005285,52.11,22.12,of all branches,perf-results-driver-matmul-m256_n32_k512-ACC_v4_Cs_32_32_32_2_Csquare-ACC-app.csv
2,Csquare,256_32_512,matmul_i32,MLIR,16,v4,Cs_32_32_32,1,jude_rel,5855853,,cache-references,2.25%,27986205,80.99,168.834,M/sec,perf-results-driver-matmul-m256_n32_k512-ACC_v4_Cs_32_32_32_2_Csquare-ACC-app.csv
2,Csquare,256_32_512,matmul_i32,MLIR,16,v4,Cs_32_32_32,1,jude_rel,92531,,cache-misses,0.43%,34554543,100.00,1.522,of all cache refs,perf-results-driver-matmul-m256_n32_k512-ACC_v4_Cs_32_32_32_2_Csquare-ACC-app.csv
2,Csquare,256_32_512,matmul_i32,MLIR,16,v4,Cs_32_32_32,1,jude_rel,22326059,,cpu-cycles,0.16%,34554543,100.00,0.644,GHz,perf-results-driver-matmul-m256_n32_k512-ACC_v4_Cs_32_32_32_2_Csquare-ACC-app.csv
2,Csquare,256_32_512,matmul_i32,MLIR,16,v4,Cs_32_32_32,1,jude_rel,0,,context-switches,0.00%,34551705,100.00,0.000,/sec,perf-results-driver-matmul-m256_n32_k512-ACC_v4_Cs_32_32_32_2_Csquare-ACC-app.csv
2,Csquare,256_32_512,matmul_i32,MLIR,16,v4,Cs_32_32_32,1,jude_rel,277,,page-faults,0.18%,34551705,100.00,7.986,K/sec,perf-results-driver-matmul-m256_n32_k512-ACC_v4_Cs_32_32_32_2_Csquare-ACC-app.csv
2,Csquare,256_32_512,matmul_i32,MLIR,16,v4,Cs_32_32_32,1,jude_rel,34.55,msec,task-clock,0.19%,34551705,100.00,0.967,CPUs utilized,perf-results-driver-matmul-m256_n32_k512-ACC_v4_Cs_32_32_32_2_Csquare-ACC-app.csv
2,Csquare,256_32_512,matmul_i32,MLIR,16,v4,Cs_32_32_32,1,jude_rel,92531,,L1-dcache-load-misses,0.28%,34554543,100.00,1.69,of all L1-dcache accesses,perf-results-driver-matmul-m256_n32_k512-ACC_v4_Cs_32_32_32_2_Csquare-ACC-app.csv
2,Csquare,256_32_512,matmul_i32,MLIR,16,v4,Cs_32_32_32,1,jude_rel,5461870,,L1-dcache-loads,0.08%,34554543,100.00,157.475,M/sec,perf-results-driver-matmul-m256_n32_k512-ACC_v4_Cs_32_32_32_2_Csquare-ACC-app.csv
2,Csquare,256_32_512,matmul_i32,MLIR,16,v4,Cs_32_32_32,1,jude_rel,5925975,,L1-dcache-stores,1.04%,26568916,76.89,170.855,M/sec,perf-results-driver-matmul-m256_n32_k512-ACC_v4_Cs_32_32_32_2_Csquare-ACC-app.csv
2,Csquare,256_32_512,matmul_i32,MLIR,16,v4,Cs_32_32_32,1,jude_rel,57985,,L1-icache-load-misses,22.75%,16549258,47.89,,,perf-results-driver-matmul-m256_n32_k512-ACC_v4_Cs_32_32_32_2_Csquare-ACC-app.csv
2,Csquare,256_32_512,matmul_i32,MLIR,16,v4,Cs_32_32_32,1,jude_rel,35548044,ns,duration_time,0.30%,35548044,100.00,1.025,G/sec,perf-results-driver-matmul-m256_n32_k512-ACC_v4_Cs_32_32_32_2_Csquare-ACC-app.csv
1,Asquare,32_512_256,matmul_i32,MLIR,16,v4,As_32_32_32,1,jude_rel,1431454,,branch-instructions,0.88%,26347589,56.81,30.894,M/sec,perf-results-driver-matmul-m32_n512_k256-ACC_v4_As_32_32_32_1_Asquare-ACC-app.csv
1,Asquare,32_512_256,matmul_i32,MLIR,16,v4,As_32_32_32,1,jude_rel,220378,,branch-misses,2.78%,26369783,56.86,14.91,of all branches,perf-results-driver-matmul-m32_n512_k256-ACC_v4_As_32_32_32_1_Asquare-ACC-app.csv
1,Asquare,32_512_256,matmul_i32,MLIR,16,v4,As_32_32_32,1,jude_rel,8349872,,cache-references,0.64%,20136380,43.42,180.211,M/sec,perf-results-driver-matmul-m32_n512_k256-ACC_v4_As_32_32_32_1_Asquare-ACC-app.csv
1,Asquare,32_512_256,matmul_i32,MLIR,16,v4,As_32_32_32,1,jude_rel,99001,,cache-misses,1.01%,30116312,64.94,1.156,of all cache refs,perf-results-driver-matmul-m32_n512_k256-ACC_v4_As_32_32_32_1_Asquare-ACC-app.csv
1,Asquare,32_512_256,matmul_i32,MLIR,16,v4,As_32_32_32,1,jude_rel,29974882,,cpu-cycles,0.05%,40098265,86.46,0.647,GHz,perf-results-driver-matmul-m32_n512_k256-ACC_v4_As_32_32_32_1_Asquare-ACC-app.csv
1,Asquare,32_512_256,matmul_i32,MLIR,16,v4,As_32_32_32,1,jude_rel,0,,context-switches,0.00%,46376585,100.00,0.000,/sec,perf-results-driver-matmul-m32_n512_k256-ACC_v4_As_32_32_32_1_Asquare-ACC-app.csv
1,Asquare,32_512_256,matmul_i32,MLIR,16,v4,As_32_32_32,1,jude_rel,287,,page-faults,0.21%,46376585,100.00,6.194,K/sec,perf-results-driver-matmul-m32_n512_k256-ACC_v4_As_32_32_32_1_Asquare-ACC-app.csv
1,Asquare,32_512_256,matmul_i32,MLIR,16,v4,As_32_32_32,1,jude_rel,46.38,msec,task-clock,0.05%,46376585,100.00,0.975,CPUs utilized,perf-results-driver-matmul-m32_n512_k256-ACC_v4_As_32_32_32_1_Asquare-ACC-app.csv
1,Asquare,32_512_256,matmul_i32,MLIR,16,v4,As_32_32_32,1,jude_rel,95184,,L1-dcache-load-misses,0.35%,46377542,100.00,1.15,of all L1-dcache accesses,perf-results-driver-matmul-m32_n512_k256-ACC_v4_As_32_32_32_1_Asquare-ACC-app.csv
1,Asquare,32_512_256,matmul_i32,MLIR,16,v4,As_32_32_32,1,jude_rel,8247292,,L1-dcache-loads,0.03%,46377542,100.00,177.997,M/sec,perf-results-driver-matmul-m32_n512_k256-ACC_v4_As_32_32_32_1_Asquare-ACC-app.csv
1,Asquare,32_512_256,matmul_i32,MLIR,16,v4,As_32_32_32,1,jude_rel,8262137,,L1-dcache-stores,1.47%,46271115,99.77,178.318,M/sec,perf-results-driver-matmul-m32_n512_k256-ACC_v4_As_32_32_32_1_Asquare-ACC-app.csv
1,Asquare,32_512_256,matmul_i32,MLIR,16,v4,As_32_32_32,1,jude_rel,108760,,L1-icache-load-misses,11.16%,36268989,78.20,,,perf-results-driver-matmul-m32_n512_k256-ACC_v4_As_32_32_32_1_Asquare-ACC-app.csv
1,Asquare,32_512_256,matmul_i32,MLIR,16,v4,As_32_32_32,1,jude_rel,47431586,ns,duration_time,0.20%,47431586,100.00,1.024,G/sec,perf-results-driver-matmul-m32_n512_k256-ACC_v4_As_32_32_32_1_Asquare-ACC-app.csv
1,Bsquare,32_512_256,matmul_i32,MLIR,16,v4,Bs_32_32_32,1,jude_rel,1635276,,branch-instructions,1.12%,31598840,61.40,31.819,M/sec,perf-results-driver-matmul-m32_n512_k256-ACC_v4_Bs_32_32_32_1_Bsquare-ACC-app.csv
1,Bsquare,32_512_256,matmul_i32,MLIR,16,v4,Bs_32_32_32,1,jude_rel,249893,,branch-misses,1.03%,31503748,61.21,15.76,of all branches,perf-results-driver-matmul-m32_n512_k256-ACC_v4_Bs_32_32_32_1_Bsquare-ACC-app.csv
1,Bsquare,32_512_256,matmul_i32,MLIR,16,v4,Bs_32_32_32,1,jude_rel,9496602,,cache-references,0.50%,29553244,57.42,184.784,M/sec,perf-results-driver-matmul-m32_n512_k256-ACC_v4_Bs_32_32_32_1_Bsquare-ACC-app.csv
1,Bsquare,32_512_256,matmul_i32,MLIR,16,v4,Bs_32_32_32,1,jude_rel,108942,,cache-misses,1.00%,39539351,76.83,1.138,of all cache refs,perf-results-driver-matmul-m32_n512_k256-ACC_v4_Bs_32_32_32_1_Bsquare-ACC-app.csv
1,Bsquare,32_512_256,matmul_i32,MLIR,16,v4,Bs_32_32_32,1,jude_rel,33273684,,cpu-cycles,0.05%,49537707,96.25,0.647,GHz,perf-results-driver-matmul-m32_n512_k256-ACC_v4_Bs_32_32_32_1_Bsquare-ACC-app.csv
1,Bsquare,32_512_256,matmul_i32,MLIR,16,v4,Bs_32_32_32,1,jude_rel,2,,context-switches,10.00%,51439027,100.00,38.916,/sec,perf-results-driver-matmul-m32_n512_k256-ACC_v4_Bs_32_32_32_1_Bsquare-ACC-app.csv
1,Bsquare,32_512_256,matmul_i32,MLIR,16,v4,Bs_32_32_32,1,jude_rel,289,,page-faults,0.08%,51439027,100.00,5.623,K/sec,perf-results-driver-matmul-m32_n512_k256-ACC_v4_Bs_32_32_32_1_Bsquare-ACC-app.csv
1,Bsquare,32_512_256,matmul_i32,MLIR,16,v4,Bs_32_32_32,1,jude_rel,51.44,msec,task-clock,0.04%,51439027,100.00,0.976,CPUs utilized,perf-results-driver-matmul-m32_n512_k256-ACC_v4_Bs_32_32_32_1_Bsquare-ACC-app.csv
1,Bsquare,32_512_256,matmul_i32,MLIR,16,v4,Bs_32_32_32,1,jude_rel,108421,,L1-dcache-load-misses,0.91%,51466270,100.00,1.21,of all L1-dcache accesses,perf-results-driver-matmul-m32_n512_k256-ACC_v4_Bs_32_32_32_1_Bsquare-ACC-app.csv
1,Bsquare,32_512_256,matmul_i32,MLIR,16,v4,Bs_32_32_32,1,jude_rel,8968576,,L1-dcache-loads,0.06%,51466270,100.00,174.510,M/sec,perf-results-driver-matmul-m32_n512_k256-ACC_v4_Bs_32_32_32_1_Bsquare-ACC-app.csv
1,Bsquare,32_512_256,matmul_i32,MLIR,16,v4,Bs_32_32_32,1,jude_rel,9533486,,L1-dcache-stores,0.62%,41780456,81.18,185.501,M/sec,perf-results-driver-matmul-m32_n512_k256-ACC_v4_Bs_32_32_32_1_Bsquare-ACC-app.csv
1,Bsquare,32_512_256,matmul_i32,MLIR,16,v4,Bs_32_32_32,1,jude_rel,51633,,L1-icache-load-misses,4.20%,31889441,61.96,,,perf-results-driver-matmul-m32_n512_k256-ACC_v4_Bs_32_32_32_1_Bsquare-ACC-app.csv
1,Bsquare,32_512_256,matmul_i32,MLIR,16,v4,Bs_32_32_32,1,jude_rel,52861193,ns,duration_time,0.14%,52861193,100.00,1.029,G/sec,perf-results-driver-matmul-m32_n512_k256-ACC_v4_Bs_32_32_32_1_Bsquare-ACC-app.csv
1,Csquare,32_512_256,matmul_i32,MLIR,16,v4,Cs_32_32_32,1,jude_rel,1201179,,branch-instructions,0.84%,16364804,45.00,32.957,M/sec,perf-results-driver-matmul-m32_n512_k256-ACC_v4_Cs_32_32_32_1_Csquare-ACC-app.csv
1,Csquare,32_512_256,matmul_i32,MLIR,16,v4,Cs_32_32_32,1,jude_rel,221901,,branch-misses,0.98%,19720100,54.22,18.83,of all branches,perf-results-driver-matmul-m32_n512_k256-ACC_v4_Cs_32_32_32_1_Csquare-ACC-app.csv
1,Csquare,32_512_256,matmul_i32,MLIR,16,v4,Cs_32_32_32,1,jude_rel,6290973,,cache-references,0.20%,29698623,81.66,172.608,M/sec,perf-results-driver-matmul-m32_n512_k256-ACC_v4_Cs_32_32_32_1_Csquare-ACC-app.csv
1,Csquare,32_512_256,matmul_i32,MLIR,16,v4,Cs_32_32_32,1,jude_rel,92812,,cache-misses,0.87%,36367213,100.00,1.466,of all cache refs,perf-results-driver-matmul-m32_n512_k256-ACC_v4_Cs_32_32_32_1_Csquare-ACC-app.csv
1,Csquare,32_512_256,matmul_i32,MLIR,16,v4,Cs_32_32_32,1,jude_rel,23513911,,cpu-cycles,0.13%,36367213,100.00,0.645,GHz,perf-results-driver-matmul-m32_n512_k256-ACC_v4_Cs_32_32_32_1_Csquare-ACC-app.csv
1,Csquare,32_512_256,matmul_i32,MLIR,16,v4,Cs_32_32_32,1,jude_rel,0,,context-switches,0.00%,36367355,100.00,0.000,/sec,perf-results-driver-matmul-m32_n512_k256-ACC_v4_Cs_32_32_32_1_Csquare-ACC-app.csv
1,Csquare,32_512_256,matmul_i32,MLIR,16,v4,Cs_32_32_32,1,jude_rel,287,,page-faults,0.09%,36367355,100.00,7.875,K/sec,perf-results-driver-matmul-m32_n512_k256-ACC_v4_Cs_32_32_32_1_Csquare-ACC-app.csv
1,Csquare,32_512_256,matmul_i32,MLIR,16,v4,Cs_32_32_32,1,jude_rel,36.37,msec,task-clock,0.14%,36367355,100.00,0.966,CPUs utilized,perf-results-driver-matmul-m32_n512_k256-ACC_v4_Cs_32_32_32_1_Csquare-ACC-app.csv
1,Csquare,32_512_256,matmul_i32,MLIR,16,v4,Cs_32_32_32,1,jude_rel,92812,,L1-dcache-load-misses,0.87%,36367213,100.00,1.57,of all L1-dcache accesses,perf-results-driver-matmul-m32_n512_k256-ACC_v4_Cs_32_32_32_1_Csquare-ACC-app.csv
1,Csquare,32_512_256,matmul_i32,MLIR,16,v4,Cs_32_32_32,1,jude_rel,5904774,,L1-dcache-loads,0.05%,36367213,100.00,162.011,M/sec,perf-results-driver-matmul-m32_n512_k256-ACC_v4_Cs_32_32_32_1_Csquare-ACC-app.csv
1,Csquare,32_512_256,matmul_i32,MLIR,16,v4,Cs_32_32_32,1,jude_rel,6371411,,L1-dcache-stores,0.08%,26670999,73.34,174.815,M/sec,perf-results-driver-matmul-m32_n512_k256-ACC_v4_Cs_32_32_32_1_Csquare-ACC-app.csv
1,Csquare,32_512_256,matmul_i32,MLIR,16,v4,Cs_32_32_32,1,jude_rel,66647,,L1-icache-load-misses,2.25%,16647113,45.78,,,perf-results-driver-matmul-m32_n512_k256-ACC_v4_Cs_32_32_32_1_Csquare-ACC-app.csv
1,Csquare,32_512_256,matmul_i32,MLIR,16,v4,Cs_32_32_32,1,jude_rel,37485822,ns,duration_time,0.32%,37485822,100.00,1.029,G/sec,perf-results-driver-matmul-m32_n512_k256-ACC_v4_Cs_32_32_32_1_Csquare-ACC-app.csv
2,Optimal,256_32_512,matmul_i32,MLIR,16,v4,Cs_128_32_32,1,jude_rel,875153,,branch-instructions,3.70%,10803910,35.05,28.260,M/sec,perf-results-driver-matmul-m256_n32_k512-ACC_v4_Cs_128_32_32_2_Optimal-ACC-app.csv
2,Optimal,256_32_512,matmul_i32,MLIR,16,v4,Cs_128_32_32,1,jude_rel,254711,,branch-misses,3.83%,12138264,39.38,27.19,of all branches,perf-results-driver-matmul-m256_n32_k512-ACC_v4_Cs_128_32_32_2_Optimal-ACC-app.csv
2,Optimal,256_32_512,matmul_i32,MLIR,16,v4,Cs_128_32_32,1,jude_rel,5699648,,cache-references,1.64%,22156993,71.88,184.047,M/sec,perf-results-driver-matmul-m256_n32_k512-ACC_v4_Cs_128_32_32_2_Optimal-ACC-app.csv
2,Optimal,256_32_512,matmul_i32,MLIR,16,v4,Cs_128_32_32,1,jude_rel,78493,,cache-misses,0.73%,30823601,100.00,1.440,of all cache refs,perf-results-driver-matmul-m256_n32_k512-ACC_v4_Cs_128_32_32_2_Optimal-ACC-app.csv
2,Optimal,256_32_512,matmul_i32,MLIR,16,v4,Cs_128_32_32,1,jude_rel,19921927,,cpu-cycles,0.18%,30823601,100.00,0.643,GHz,perf-results-driver-matmul-m256_n32_k512-ACC_v4_Cs_128_32_32_2_Optimal-ACC-app.csv
2,Optimal,256_32_512,matmul_i32,MLIR,16,v4,Cs_128_32_32,1,jude_rel,0,,context-switches,0.00%,30825749,100.00,0.000,/sec,perf-results-driver-matmul-m256_n32_k512-ACC_v4_Cs_128_32_32_2_Optimal-ACC-app.csv
2,Optimal,256_32_512,matmul_i32,MLIR,16,v4,Cs_128_32_32,1,jude_rel,282,,page-faults,0.07%,30825749,100.00,9.106,K/sec,perf-results-driver-matmul-m256_n32_k512-ACC_v4_Cs_128_32_32_2_Optimal-ACC-app.csv
2,Optimal,256_32_512,matmul_i32,MLIR,16,v4,Cs_128_32_32,1,jude_rel,30.83,msec,task-clock,0.20%,30825749,100.00,0.962,CPUs utilized,perf-results-driver-matmul-m256_n32_k512-ACC_v4_Cs_128_32_32_2_Optimal-ACC-app.csv
2,Optimal,256_32_512,matmul_i32,MLIR,16,v4,Cs_128_32_32,1,jude_rel,78493,,L1-dcache-load-misses,0.74%,30823601,100.00,1.55,of all L1-dcache accesses,perf-results-driver-matmul-m256_n32_k512-ACC_v4_Cs_128_32_32_2_Optimal-ACC-app.csv
2,Optimal,256_32_512,matmul_i32,MLIR,16,v4,Cs_128_32_32,1,jude_rel,5055730,,L1-dcache-loads,0.10%,30823601,100.00,163.255,M/sec,perf-results-driver-matmul-m256_n32_k512-ACC_v4_Cs_128_32_32_2_Optimal-ACC-app.csv
2,Optimal,256_32_512,matmul_i32,MLIR,16,v4,Cs_128_32_32,1,jude_rel,5211862,,L1-dcache-stores,1.78%,28686299,93.07,168.296,M/sec,perf-results-driver-matmul-m256_n32_k512-ACC_v4_Cs_128_32_32_2_Optimal-ACC-app.csv
2,Optimal,256_32_512,matmul_i32,MLIR,16,v4,Cs_128_32_32,1,jude_rel,100934,,L1-icache-load-misses,13.35%,18685337,60.62,,,perf-results-driver-matmul-m256_n32_k512-ACC_v4_Cs_128_32_32_2_Optimal-ACC-app.csv
2,Optimal,256_32_512,matmul_i32,MLIR,16,v4,Cs_128_32_32,1,jude_rel,31825634,ns,duration_time,0.38%,31825634,100.00,1.028,G/sec,perf-results-driver-matmul-m256_n32_k512-ACC_v4_Cs_128_32_32_2_Optimal-ACC-app.csv
4,Asquare,512_32_256,matmul_i32,MLIR,16,v4,As_32_32_32,1,jude_rel,1551126,,branch-instructions,0.77%,30082082,60.05,30.950,M/sec,perf-results-driver-matmul-m512_n32_k256-ACC_v4_As_32_32_32_4_Asquare-ACC-app.csv
4,Asquare,512_32_256,matmul_i32,MLIR,16,v4,As_32_32_32,1,jude_rel,251707,,branch-misses,0.47%,30112599,60.11,16.09,of all branches,perf-results-driver-matmul-m512_n32_k256-ACC_v4_As_32_32_32_4_Asquare-ACC-app.csv
4,Asquare,512_32_256,matmul_i32,MLIR,16,v4,As_32_32_32,1,jude_rel,9257025,,cache-references,0.55%,22773841,45.46,184.705,M/sec,perf-results-driver-matmul-m512_n32_k256-ACC_v4_As_32_32_32_4_Asquare-ACC-app.csv
4,Asquare,512_32_256,matmul_i32,MLIR,16,v4,As_32_32_32,1,jude_rel,109699,,cache-misses,2.08%,32741099,65.35,1.204,of all cache refs,perf-results-driver-matmul-m512_n32_k256-ACC_v4_As_32_32_32_4_Asquare-ACC-app.csv
4,Asquare,512_32_256,matmul_i32,MLIR,16,v4,As_32_32_32,1,jude_rel,32398893,,cpu-cycles,0.04%,42742751,85.32,0.646,GHz,perf-results-driver-matmul-m512_n32_k256-ACC_v4_As_32_32_32_4_Asquare-ACC-app.csv
4,Asquare,512_32_256,matmul_i32,MLIR,16,v4,As_32_32_32,1,jude_rel,1,,context-switches,31.62%,50087762,100.00,19.953,/sec,perf-results-driver-matmul-m512_n32_k256-ACC_v4_As_32_32_32_4_Asquare-ACC-app.csv
4,Asquare,512_32_256,matmul_i32,MLIR,16,v4,As_32_32_32,1,jude_rel,290,,page-faults,0.18%,50087762,100.00,5.786,K/sec,perf-results-driver-matmul-m512_n32_k256-ACC_v4_As_32_32_32_4_Asquare-ACC-app.csv
4,Asquare,512_32_256,matmul_i32,MLIR,16,v4,As_32_32_32,1,jude_rel,50.09,msec,task-clock,0.04%,50087762,100.00,0.976,CPUs utilized,perf-results-driver-matmul-m512_n32_k256-ACC_v4_As_32_32_32_4_Asquare-ACC-app.csv
4,Asquare,512_32_256,matmul_i32,MLIR,16,v4,As_32_32_32,1,jude_rel,102141,,L1-dcache-load-misses,1.33%,50099010,100.00,1.19,of all L1-dcache accesses,perf-results-driver-matmul-m512_n32_k256-ACC_v4_As_32_32_32_4_Asquare-ACC-app.csv
4,Asquare,512_32_256,matmul_i32,MLIR,16,v4,As_32_32_32,1,jude_rel,8566878,,L1-dcache-loads,0.05%,50099010,100.00,170.934,M/sec,perf-results-driver-matmul-m512_n32_k256-ACC_v4_As_32_32_32_4_Asquare-ACC-app.csv
4,Asquare,512_32_256,matmul_i32,MLIR,16,v4,As_32_32_32,1,jude_rel,8767756,,L1-dcache-stores,0.75%,47342097,94.50,174.942,M/sec,perf-results-driver-matmul-m512_n32_k256-ACC_v4_As_32_32_32_4_Asquare-ACC-app.csv
4,Asquare,512_32_256,matmul_i32,MLIR,16,v4,As_32_32_32,1,jude_rel,68145,,L1-icache-load-misses,8.41%,37344322,74.54,,,perf-results-driver-matmul-m512_n32_k256-ACC_v4_As_32_32_32_4_Asquare-ACC-app.csv
4,Asquare,512_32_256,matmul_i32,MLIR,16,v4,As_32_32_32,1,jude_rel,51291874,ns,duration_time,0.13%,51291874,100.00,1.023,G/sec,perf-results-driver-matmul-m512_n32_k256-ACC_v4_As_32_32_32_4_Asquare-ACC-app.csv
